"Estacion","Fecha inicial","Fecha final","PM10"
"EL JAZMÍN","2021-02-28","","19.56521739"
"EL JAZMÍN","2021-02-27","","36.81666667"
"EL JAZMÍN","2021-02-26","","32.35416667"
"EL JAZMÍN","2021-02-25","","15.5125"
"EL JAZMÍN","2021-02-24","","35.94782609"
"EL JAZMÍN","2021-02-23","","33.94583333"
"EL JAZMÍN","2021-02-22","","18.11666667"
"EL JAZMÍN","2021-02-21","","28.025"
"EL JAZMÍN","2021-02-20","","34.61666667"
"EL JAZMÍN","2021-02-19","","35.75833333"
"EL JAZMÍN","2021-02-18","","34.08333333"
"EL JAZMÍN","2021-02-17","","42.52857143"
"EL JAZMÍN","2021-02-16","","47.91666667"
"EL JAZMÍN","2021-02-15","","40.52173913"
"EL JAZMÍN","2021-02-14","","44.6625"
"EL JAZMÍN","2021-02-13","","25.45833333"
"EL JAZMÍN","2021-02-12","","46.83333333"
"EL JAZMÍN","2021-02-11","","36.88333333"
"EL JAZMÍN","2021-02-10","","30.30869565"
"EL JAZMÍN","2021-02-09","","48.12083333"
"EL JAZMÍN","2021-02-08","","31.35714286"
"EL JAZMÍN","2021-02-07","","24.92083333"
"EL JAZMÍN","2021-02-06","","29.30833333"
"EL JAZMÍN","2021-02-05","","18.675"
"EL JAZMÍN","2021-02-04","","30.2125"
"EL JAZMÍN","2021-02-03","","27.7375"
"EL JAZMÍN","2021-02-02","","26.09166667"
"EL JAZMÍN","2021-02-01","","17.77272727"
"EL JAZMÍN","2021-01-31","","22.8"
"EL JAZMÍN","2021-01-30","","31.81666667"
"EL JAZMÍN","2021-01-29","","51.2125"
"EL JAZMÍN","2021-01-28","","53.77083333"
"EL JAZMÍN","2021-01-27","","39.13333333"
"EL JAZMÍN","2021-01-26","","29.205"
"EL JAZMÍN","2021-01-25","","21.62916667"
"EL JAZMÍN","2021-01-24","","14.43913043"
"EL JAZMÍN","2021-01-23","","14.6125"
"EL JAZMÍN","2021-01-22","","37.02916667"
"EL JAZMÍN","2021-01-21","","40.0875"
"EL JAZMÍN","2021-01-20","","39.03636364"
"EL JAZMÍN","2021-01-19","","50.87083333"
"EL JAZMÍN","2021-01-18","","39.77916667"
"EL JAZMÍN","2021-01-17","","30.08333333"
"EL JAZMÍN","2021-01-16","","43.96666667"
"EL JAZMÍN","2021-01-15","","58.41304348"
"EL JAZMÍN","2021-01-14","","53.07916667"
"EL JAZMÍN","2021-01-13","","33.15416667"
"EL JAZMÍN","2021-01-12","","5.69230769"
"EL JAZMÍN","2021-01-11","","7.61875"
"EL JAZMÍN","2021-01-10","","7.43125"
"EL JAZMÍN","2021-01-09","","8.79583333"
"EL JAZMÍN","2021-01-08","","36.54166667"
"EL JAZMÍN","2021-01-07","","22.92916667"
"EL JAZMÍN","2021-01-06","","30.37083333"
"EL JAZMÍN","2021-01-05","","36.9875"
"EL JAZMÍN","2021-01-04","","23.2"
"EL JAZMÍN","2021-01-03","","13.82083333"
"EL JAZMÍN","2021-01-02","","17.0875"
"EL JAZMÍN","2021-01-01","","38.19583333"
"EL JAZMÍN","2020-12-31","","46.75652174"
"EL JAZMÍN","2020-12-30","","41.9125"
"EL JAZMÍN","2020-12-29","","35.78636364"
"EL JAZMÍN","2020-12-28","","31.55"
"EL JAZMÍN","2020-12-27","","15.05833333"
"EL JAZMÍN","2020-12-26","","19.68333333"
"EL JAZMÍN","2020-12-25","","21.62083333"
"EL JAZMÍN","2020-12-24","","26.40416667"
"EL JAZMÍN","2020-12-23","","61.04166667"
"EL JAZMÍN","2020-12-22","","34.90416667"
"EL JAZMÍN","2020-12-21","","31.34090909"
"EL JAZMÍN","2020-12-20","","11.92916667"
"EL JAZMÍN","2020-12-19","","31.36666667"
"EL JAZMÍN","2020-12-18","","33.43333333"
"EL JAZMÍN","2020-12-17","","24.66666667"
"EL JAZMÍN","2020-12-16","","31.13333333"
"EL JAZMÍN","2020-12-15","","42.74782609"
"EL JAZMÍN","2020-12-14","","29.67142857"
"EL JAZMÍN","2020-12-13","","25.12222222"
"EL JAZMÍN","2020-12-12","","48.96"
"EL JAZMÍN","2020-12-11","","50.75833333"
"EL JAZMÍN","2020-12-10","","68.36666667"
"EL JAZMÍN","2020-12-09","","41.92916667"
"EL JAZMÍN","2020-12-08","","52.4375"
"EL JAZMÍN","2020-12-07","","52.19565217"
"EL JAZMÍN","2020-12-06","","20.99166667"
"EL JAZMÍN","2020-12-05","","36.6875"
"EL JAZMÍN","2020-12-04","","36.9"
"EL JAZMÍN","2020-12-03","","34.32916667"
"EL JAZMÍN","2020-12-02","","26.87142857"
"EL JAZMÍN","2020-12-01","","36.44166667"
"EL JAZMÍN","2020-11-30","","27.15217391"
"EL JAZMÍN","2020-11-29","","13.77916667"
"EL JAZMÍN","2020-11-28","","28.57083333"
"EL JAZMÍN","2020-11-27","","39.85"
"EL JAZMÍN","2020-11-26","","56.32916667"
"EL JAZMÍN","2020-11-25","","37.6125"
"EL JAZMÍN","2020-11-24","","48.45416667"
"EL JAZMÍN","2020-11-23","","50.44545455"
"EL JAZMÍN","2020-11-22","","41.63333333"
"EL JAZMÍN","2020-11-21","","33.57916667"
"EL JAZMÍN","2020-11-20","","24.66086957"
"EL JAZMÍN","2020-11-19","","29.72916667"
"EL JAZMÍN","2020-11-18","","35.6125"
"EL JAZMÍN","2020-11-17","","27.708"
"EL JAZMÍN","2020-11-16","","18.05"
"EL JAZMÍN","2020-11-15","","31.45652174"
"EL JAZMÍN","2020-11-14","","50.94166667"
"EL JAZMÍN","2020-11-13","","27.3625"
"EL JAZMÍN","2020-11-12","","34.22272727"
"EL JAZMÍN","2020-11-11","","21.7"
"EL JAZMÍN","2020-11-10","","44.68333333"
"EL JAZMÍN","2020-11-09","","33.10416667"
"EL JAZMÍN","2020-11-08","","38.97916667"
"EL JAZMÍN","2020-11-07","","47.26666667"
"EL JAZMÍN","2020-11-06","","67.40833333"
"EL JAZMÍN","2020-11-05","","33.37391304"
"EL JAZMÍN","2020-11-04","","44.95"
"EL JAZMÍN","2020-11-03","","41.77083333"
"EL JAZMÍN","2020-11-02","","27.69583333"
"EL JAZMÍN","2020-11-01","","20.74"
"EL JAZMÍN","2020-10-31","","46.14347826"
"EL JAZMÍN","2020-10-30","","31.2375"
"EL JAZMÍN","2020-10-29","","39.72083333"
"EL JAZMÍN","2020-10-28","","26.8875"
"EL JAZMÍN","2020-10-27","","43.3"
"EL JAZMÍN","2020-10-26","","49.84583333"
"EL JAZMÍN","2020-10-25","","46.875"
"EL JAZMÍN","2020-10-24","","22.46666667"
"EL JAZMÍN","2020-10-23","","21.22608696"
"EL JAZMÍN","2020-10-22","","16.27916667"
"EL JAZMÍN","2020-10-21","","20.60833333"
"EL JAZMÍN","2020-10-20","","35.38333333"
"EL JAZMÍN","2020-10-19","","32.34166667"
"EL JAZMÍN","2020-10-18","","16.31666667"
"EL JAZMÍN","2020-10-17","","16.0875"
"EL JAZMÍN","2020-10-16","","15.67916667"
"EL JAZMÍN","2020-10-15","","28.12608696"
"EL JAZMÍN","2020-10-14","","34.05"
"EL JAZMÍN","2020-10-13","","13.15416667"
"EL JAZMÍN","2020-10-12","","17.1375"
"EL JAZMÍN","2020-10-11","","15.77083333"
"EL JAZMÍN","2020-10-10","","21.64166667"
"EL JAZMÍN","2020-10-09","","8.33333333"
"EL JAZMÍN","2020-10-08","","13.425"
"EL JAZMÍN","2020-10-07","","26.37916667"
"EL JAZMÍN","2020-10-06","","39.8375"
"EL JAZMÍN","2020-10-05","","15.575"
"EL JAZMÍN","2020-10-04","","7.95"
"EL JAZMÍN","2020-10-03","","22.02916667"
"EL JAZMÍN","2020-10-02","","28.31666667"
"EL JAZMÍN","2020-10-01","","19.125"
