"Estacion","Fecha inicial","Fecha final","PM2.5"
"TUNAL","2021-02-28","","10.82608696"
"TUNAL","2021-02-27","","21.08333333"
"TUNAL","2021-02-26","","17.5"
"TUNAL","2021-02-25","","8.91666667"
"TUNAL","2021-02-24","","16.91666667"
"TUNAL","2021-02-23","","18.08333333"
"TUNAL","2021-02-22","","13.0"
"TUNAL","2021-02-21","","18.04166667"
"TUNAL","2021-02-20","","19.75"
"TUNAL","2021-02-19","","23.25"
"TUNAL","2021-02-18","","22.04545455"
"TUNAL","2021-02-17","","22.79166667"
"TUNAL","2021-02-16","","26.0"
"TUNAL","2021-02-15","","23.34782609"
"TUNAL","2021-02-14","","24.33333333"
"TUNAL","2021-02-13","","14.125"
"TUNAL","2021-02-12","","23.95454545"
"TUNAL","2021-02-11","","25.2"
"TUNAL","2021-02-10","","18.95"
"TUNAL","2021-02-09","","26.13043478"
"TUNAL","2021-02-08","","15.04347826"
"TUNAL","2021-02-07","","10.79166667"
"TUNAL","2021-02-06","","15.20833333"
"TUNAL","2021-02-05","","10.83333333"
"TUNAL","2021-02-04","","15.29166667"
"TUNAL","2021-02-03","","11.79166667"
"TUNAL","2021-02-02","","12.04166667"
"TUNAL","2021-02-01","","11.125"
"TUNAL","2021-01-31","","9.43478261"
"TUNAL","2021-01-30","","15.20833333"
"TUNAL","2021-01-29","","26.33333333"
"TUNAL","2021-01-28","","25.04166667"
"TUNAL","2021-01-27","","13.29166667"
"TUNAL","2021-01-26","","18.5"
"TUNAL","2021-01-25","","10.83333333"
"TUNAL","2021-01-24","","6.25"
"TUNAL","2021-01-23","","7.66666667"
"TUNAL","2021-01-22","","15.9"
"TUNAL","2021-01-21","","15.79166667"
"TUNAL","2021-01-20","","19.0"
"TUNAL","2021-01-19","","21.04166667"
"TUNAL","2021-01-18","","19.29166667"
"TUNAL","2021-01-17","","17.375"
"TUNAL","2021-01-16","","18.79166667"
"TUNAL","2021-01-15","","26.65217391"
"TUNAL","2021-01-14","","23.20833333"
"TUNAL","2021-01-13","","12.875"
"TUNAL","2021-01-12","","5.42105263"
"TUNAL","2021-01-11","","1.875"
"TUNAL","2021-01-10","","2.25"
"TUNAL","2021-01-09","","4.70833333"
"TUNAL","2021-01-08","","15.20833333"
"TUNAL","2021-01-07","","9.41666667"
"TUNAL","2021-01-06","","15.79166667"
"TUNAL","2021-01-05","","18.875"
"TUNAL","2021-01-04","","12.0"
"TUNAL","2021-01-03","","4.875"
"TUNAL","2021-01-02","","5.54166667"
"TUNAL","2021-01-01","","25.66666667"
"TUNAL","2020-12-31","","23.13043478"
"TUNAL","2020-12-30","","20.86363636"
"TUNAL","2020-12-29","","22.54166667"
"TUNAL","2020-12-28","","14.33333333"
"TUNAL","2020-12-27","","6.79166667"
"TUNAL","2020-12-26","","9.20833333"
"TUNAL","2020-12-25","","18.04166667"
"TUNAL","2020-12-24","","13.5"
"TUNAL","2020-12-23","","24.70833333"
"TUNAL","2020-12-22","","11.125"
"TUNAL","2020-12-21","","17.54166667"
"TUNAL","2020-12-20","","3.375"
"TUNAL","2020-12-19","","16.16666667"
"TUNAL","2020-12-18","","10.375"
"TUNAL","2020-12-17","","6.79166667"
"TUNAL","2020-12-16","","9.04166667"
"TUNAL","2020-12-15","","16.95652174"
"TUNAL","2020-12-14","","12.625"
"TUNAL","2020-12-13","","6.33333333"
"TUNAL","2020-12-12","","14.58333333"
"TUNAL","2020-12-11","","24.79166667"
"TUNAL","2020-12-10","","28.125"
"TUNAL","2020-12-09","","18.16666667"
"TUNAL","2020-12-08","","20.16666667"
"TUNAL","2020-12-07","","18.47826087"
"TUNAL","2020-12-06","","4.5"
"TUNAL","2020-12-05","","14.41666667"
"TUNAL","2020-12-04","","15.95238095"
"TUNAL","2020-12-03","","20.41666667"
"TUNAL","2020-12-02","","9.04166667"
"TUNAL","2020-12-01","","15.29166667"
"TUNAL","2020-11-30","","8.91304348"
"TUNAL","2020-11-29","","6.13043478"
"TUNAL","2020-11-28","","21.25"
"TUNAL","2020-11-27","","28.20833333"
"TUNAL","2020-11-26","","27.125"
"TUNAL","2020-11-25","","17.75"
"TUNAL","2020-11-24","","23.08333333"
"TUNAL","2020-11-23","","20.79166667"
"TUNAL","2020-11-22","","14.16666667"
"TUNAL","2020-11-21","","12.79166667"
"TUNAL","2020-11-20","","17.17391304"
"TUNAL","2020-11-19","","21.125"
"TUNAL","2020-11-18","","15.41666667"
"TUNAL","2020-11-17","","16.68"
"TUNAL","2020-11-16","","12.5"
"TUNAL","2020-11-15","","23.43478261"
"TUNAL","2020-11-14","","33.08333333"
"TUNAL","2020-11-13","","23.36363636"
"TUNAL","2020-11-12","","23.375"
"TUNAL","2020-11-11","","17.08333333"
"TUNAL","2020-11-10","","27.25"
"TUNAL","2020-11-09","","23.83333333"
"TUNAL","2020-11-08","","25.83333333"
"TUNAL","2020-11-07","","24.54166667"
"TUNAL","2020-11-06","","32.16666667"
"TUNAL","2020-11-05","","20.04347826"
"TUNAL","2020-11-04","","22.95833333"
"TUNAL","2020-11-03","","21.58333333"
"TUNAL","2020-11-02","","18.54166667"
"TUNAL","2020-11-01","","14.0"
"TUNAL","2020-10-31","","21.47826087"
"TUNAL","2020-10-30","","19.66666667"
"TUNAL","2020-10-29","","25.86956522"
"TUNAL","2020-10-28","","20.79166667"
"TUNAL","2020-10-27","","26.125"
"TUNAL","2020-10-26","","26.04166667"
"TUNAL","2020-10-25","","20.0"
"TUNAL","2020-10-24","","11.54166667"
"TUNAL","2020-10-23","","5.54166667"
"TUNAL","2020-10-22","","6.66666667"
"TUNAL","2020-10-21","","7.33333333"
"TUNAL","2020-10-20","","11.33333333"
"TUNAL","2020-10-19","","15.91666667"
"TUNAL","2020-10-18","","6.625"
"TUNAL","2020-10-17","","6.91304348"
"TUNAL","2020-10-16","","6.25"
"TUNAL","2020-10-15","","14.71428571"
"TUNAL","2020-10-14","","11.08333333"
"TUNAL","2020-10-13","","4.54166667"
"TUNAL","2020-10-12","","4.08333333"
"TUNAL","2020-10-11","","3.95833333"
"TUNAL","2020-10-10","","7.91666667"
"TUNAL","2020-10-09","","4.79166667"
"TUNAL","2020-10-08","","4.625"
"TUNAL","2020-10-07","","16.20833333"
"TUNAL","2020-10-06","","15.375"
"TUNAL","2020-10-05","","10.27272727"
"TUNAL","2020-10-04","","3.08333333"
"TUNAL","2020-10-03","","7.66666667"
"TUNAL","2020-10-02","","10.625"
"TUNAL","2020-10-01","","6.08333333"
"TUNAL","2020-09-30","","4.91304348"
"TUNAL","2020-09-29","","5.54166667"
"TUNAL","2020-09-28","","9.54166667"
"TUNAL","2020-09-27","","8.75"
"TUNAL","2020-09-26","","18.875"
"TUNAL","2020-09-25","","7.125"
"TUNAL","2020-09-24","","4.29166667"
"TUNAL","2020-09-23","","5.66666667"
"TUNAL","2020-09-22","","13.45833333"
"TUNAL","2020-09-21","","8.75"
"TUNAL","2020-09-20","","8.125"
"TUNAL","2020-09-19","","15.875"
"TUNAL","2020-09-18","","23.45833333"
"TUNAL","2020-09-17","","23.70833333"
"TUNAL","2020-09-16","","18.66666667"
"TUNAL","2020-09-15","","16.08695652"
"TUNAL","2020-09-14","","11.66666667"
"TUNAL","2020-09-13","","4.54166667"
"TUNAL","2020-09-12","","10.16666667"
"TUNAL","2020-09-11","","18.91666667"
"TUNAL","2020-09-10","","14.375"
"TUNAL","2020-09-09","","10.54166667"
"TUNAL","2020-09-08","","13.75"
"TUNAL","2020-09-07","","11.70833333"
"TUNAL","2020-09-06","","4.54166667"
"TUNAL","2020-09-05","","4.75"
"TUNAL","2020-09-04","","4.375"
"TUNAL","2020-09-03","","9.58333333"
"TUNAL","2020-09-02","","17.375"
"TUNAL","2020-09-01","","9.875"
"TUNAL","2020-08-31","","10.95652174"
"TUNAL","2020-08-30","","12.0"
"TUNAL","2020-08-29","","22.70833333"
"TUNAL","2020-08-28","","9.625"
"TUNAL","2020-08-27","","11.08333333"
"TUNAL","2020-08-26","","12.125"
"TUNAL","2020-08-25","","17.20833333"
"TUNAL","2020-08-24","","6.41666667"
"TUNAL","2020-08-23","","8.25"
"TUNAL","2020-08-22","","6.45833333"
"TUNAL","2020-08-21","","8.91666667"
"TUNAL","2020-08-20","","10.16666667"
"TUNAL","2020-08-19","","15.66666667"
"TUNAL","2020-08-18","","28.16666667"
"TUNAL","2020-08-17","","17.52380952"
"TUNAL","2020-08-16","","6.66666667"
"TUNAL","2020-08-15","","4.69565217"
"TUNAL","2020-08-14","","4.70833333"
"TUNAL","2020-08-13","","3.125"
"TUNAL","2020-08-12","","10.08333333"
"TUNAL","2020-08-11","","6.95833333"
"TUNAL","2020-08-10","","5.79166667"
"TUNAL","2020-08-09","","4.45833333"
"TUNAL","2020-08-08","","2.08333333"
"TUNAL","2020-08-07","","4.04166667"
"TUNAL","2020-08-06","","5.875"
"TUNAL","2020-08-05","","5.58333333"
"TUNAL","2020-08-04","","4.625"
"TUNAL","2020-08-03","","5.58333333"
"TUNAL","2020-08-02","","3.58333333"
"TUNAL","2020-08-01","","6.91666667"
"TUNAL","2020-07-31","","7.34782609"
"TUNAL","2020-07-30","","4.125"
"TUNAL","2020-07-29","","5.45833333"
"TUNAL","2020-07-28","","7.91304348"
"TUNAL","2020-07-27","","3.78947368"
"TUNAL","2020-07-26","","2.08333333"
"TUNAL","2020-07-25","","5.91666667"
"TUNAL","2020-07-24","","5.56521739"
"TUNAL","2020-07-23","","11.79166667"
"TUNAL","2020-07-22","","15.16666667"
"TUNAL","2020-07-21","","5.65217391"
"TUNAL","2020-07-20","","5.4"
"TUNAL","2020-07-19","","5.5"
"TUNAL","2020-07-18","","3.75"
"TUNAL","2020-07-17","","5.54166667"
"TUNAL","2020-07-16","","4.91666667"
"TUNAL","2020-07-15","","5.13043478"
"TUNAL","2020-07-14","","2.875"
"TUNAL","2020-07-13","","7.04166667"
"TUNAL","2020-07-12","","12.45833333"
"TUNAL","2020-07-11","","11.125"
"TUNAL","2020-07-10","","7.66666667"
"TUNAL","2020-07-09","","3.91666667"
"TUNAL","2020-07-08","","10.81818182"
"TUNAL","2020-07-07","","5.625"
"TUNAL","2020-07-06","","8.875"
"TUNAL","2020-07-05","","14.20833333"
"TUNAL","2020-07-04","","6.56521739"
"TUNAL","2020-07-03","","9.29166667"
"TUNAL","2020-07-02","","5.625"
"TUNAL","2020-07-01","","13.0"
"TUNAL","2020-06-30","","12.39130435"
"TUNAL","2020-06-29","","2.08333333"
"TUNAL","2020-06-28","","6.625"
"TUNAL","2020-06-27","","10.875"
"TUNAL","2020-06-26","","5.125"
"TUNAL","2020-06-25","","21.91666667"
"TUNAL","2020-06-24","","32.08333333"
"TUNAL","2020-06-23","","10.79166667"
"TUNAL","2020-06-22","","2.5"
"TUNAL","2020-06-21","","2.29166667"
"TUNAL","2020-06-20","","4.0"
"TUNAL","2020-06-19","","9.91666667"
"TUNAL","2020-06-18","","21.33333333"
"TUNAL","2020-06-17","","18.375"
"TUNAL","2020-06-16","","8.70833333"
"TUNAL","2020-06-15","","2.63636364"
"TUNAL","2020-06-14","","3.45833333"
"TUNAL","2020-06-13","","10.16666667"
"TUNAL","2020-06-12","","19.83333333"
"TUNAL","2020-06-11","","19.25"
"TUNAL","2020-06-10","","12.04166667"
"TUNAL","2020-06-09","","8.91304348"
"TUNAL","2020-06-08","","7.33333333"
"TUNAL","2020-06-07","","4.25"
"TUNAL","2020-06-06","","4.54166667"
"TUNAL","2020-06-05","","4.66666667"
"TUNAL","2020-06-04","","4.91666667"
"TUNAL","2020-06-03","","13.08333333"
"TUNAL","2020-06-02","","10.34782609"
"TUNAL","2020-06-01","","6.04347826"
"TUNAL","2020-05-31","","17.36363636"
"TUNAL","2020-05-30","","15.60869565"
"TUNAL","2020-05-29","","13.58333333"
"TUNAL","2020-05-28","","16.39130435"
"TUNAL","2020-05-27","","3.13636364"
"TUNAL","2020-05-26","","4.7"
"TUNAL","2020-05-25","","3.625"
"TUNAL","2020-05-24","","5.73684211"
"TUNAL","2020-05-23","","4.95238095"
"TUNAL","2020-05-22","","6.2173913"
"TUNAL","2020-05-21","","4.66666667"
"TUNAL","2020-05-20","","10.17391304"
"TUNAL","2020-05-19","","7.04545455"
"TUNAL","2020-05-18","","3.86363636"
"TUNAL","2020-05-17","","3.58823529"
"TUNAL","2020-05-16","","3.41176471"
"TUNAL","2020-05-15","","8.81818182"
"TUNAL","2020-05-14","","14.25"
"TUNAL","2020-05-13","","15.73913043"
"TUNAL","2020-05-12","","19.45833333"
"TUNAL","2020-05-11","","9.23809524"
"TUNAL","2020-05-10","","4.42857143"
"TUNAL","2020-05-09","","3.44444444"
"TUNAL","2020-05-08","","4.80952381"
"TUNAL","2020-05-07","","6.4"
"TUNAL","2020-05-06","","7.41666667"
"TUNAL","2020-05-05","","5.08333333"
"TUNAL","2020-05-04","","8.125"
"TUNAL","2020-05-03","","6.08695652"
"TUNAL","2020-05-02","","12.42857143"
"TUNAL","2020-05-01","","4.05"
"TUNAL","2020-04-30","","12.30434783"
"TUNAL","2020-04-29","","13.95652174"
"TUNAL","2020-04-28","","15.13636364"
"TUNAL","2020-04-27","","15.5"
"TUNAL","2020-04-26","","12.91666667"
"TUNAL","2020-04-25","","17.25"
"TUNAL","2020-04-24","","15.0"
"TUNAL","2020-04-23","","5.94736842"
"TUNAL","2020-04-22","","9.79166667"
"TUNAL","2020-04-21","","12.5"
"TUNAL","2020-04-20","","13.41666667"
"TUNAL","2020-04-19","","18.41666667"
"TUNAL","2020-04-18","","30.5"
"TUNAL","2020-04-17","","31.58333333"
"TUNAL","2020-04-16","","32.20833333"
"TUNAL","2020-04-15","","19.71428571"
"TUNAL","2020-04-14","","15.875"
"TUNAL","2020-04-13","","17.29166667"
"TUNAL","2020-04-12","","8.91666667"
"TUNAL","2020-04-11","","3.42857143"
"TUNAL","2020-04-10","","5.30434783"
"TUNAL","2020-04-09","","5.85"
"TUNAL","2020-04-08","","6.04347826"
"TUNAL","2020-04-07","","5.84210526"
"TUNAL","2020-04-06","","6.19047619"
"TUNAL","2020-04-05","","5.11111111"
"TUNAL","2020-04-04","","4.94736842"
"TUNAL","2020-04-03","","9.875"
"TUNAL","2020-04-02","","7.68181818"
"TUNAL","2020-04-01","","12.70833333"
"TUNAL","2020-03-31","","20.47368421"
"TUNAL","2020-03-30","","39.08333333"
"TUNAL","2020-03-29","","39.95833333"
"TUNAL","2020-03-28","","36.625"
"TUNAL","2020-03-27","","33.5"
"TUNAL","2020-03-26","","36.16666667"
"TUNAL","2020-03-25","","26.41666667"
"TUNAL","2020-03-24","","36.125"
"TUNAL","2020-03-23","","34.91666667"
"TUNAL","2020-03-22","","23.33333333"
"TUNAL","2020-03-21","","28.41666667"
"TUNAL","2020-03-20","","41.25"
"TUNAL","2020-03-19","","53.04166667"
"TUNAL","2020-03-18","","56.5"
"TUNAL","2020-03-17","","46.47826087"
"TUNAL","2020-03-16","","40.79166667"
"TUNAL","2020-03-15","","19.91304348"
"TUNAL","2020-03-14","","17.41666667"
"TUNAL","2020-03-13","","29.39130435"
"TUNAL","2020-03-12","","23.04166667"
"TUNAL","2020-03-11","","27.08333333"
"TUNAL","2020-03-10","","28.16666667"
"TUNAL","2020-03-09","","22.16666667"
"TUNAL","2020-03-08","","27.25"
"TUNAL","2020-03-07","","42.95833333"
"TUNAL","2020-03-06","","42.625"
"TUNAL","2020-03-05","","26.33333333"
"TUNAL","2020-03-04","","24.125"
"TUNAL","2020-03-03","","27.75"
"TUNAL","2020-03-02","","21.16666667"
"TUNAL","2020-03-01","","22.95833333"
"TUNAL","2020-02-29","","24.95652174"
"TUNAL","2020-02-28","","30.33333333"
"TUNAL","2020-02-27","","30.91666667"
"TUNAL","2020-02-26","","25.95833333"
"TUNAL","2020-02-25","","33.54166667"
"TUNAL","2020-02-24","","20.70833333"
"TUNAL","2020-02-23","","20.625"
"TUNAL","2020-02-22","","35.5"
"TUNAL","2020-02-21","","26.0"
"TUNAL","2020-02-20","","20.20833333"
"TUNAL","2020-02-19","","11.41666667"
"TUNAL","2020-02-18","","11.91666667"
"TUNAL","2020-02-17","","11.25"
"TUNAL","2020-02-16","","9.625"
"TUNAL","2020-02-15","","11.125"
"TUNAL","2020-02-14","","15.375"
"TUNAL","2020-02-13","","22.08333333"
"TUNAL","2020-02-12","","16.70833333"
"TUNAL","2020-02-11","","13.0"
"TUNAL","2020-02-10","","13.04166667"
"TUNAL","2020-02-09","","29.91666667"
"TUNAL","2020-02-08","","33.5"
"TUNAL","2020-02-07","","34.41666667"
"TUNAL","2020-02-06","","16.375"
"TUNAL","2020-02-05","","19.70833333"
"TUNAL","2020-02-04","","18.58333333"
"TUNAL","2020-02-03","","13.875"
"TUNAL","2020-02-02","","26.875"
"TUNAL","2020-02-01","","19.08333333"
"TUNAL","2020-01-31","","12.69565217"
"TUNAL","2020-01-30","","18.79166667"
"TUNAL","2020-01-29","","20.0"
"TUNAL","2020-01-28","","26.20833333"
"TUNAL","2020-01-27","","22.66666667"
"TUNAL","2020-01-26","","17.125"
"TUNAL","2020-01-25","","24.25"
"TUNAL","2020-01-24","","18.66666667"
"TUNAL","2020-01-23","","20.70833333"
"TUNAL","2020-01-22","","26.79166667"
"TUNAL","2020-01-21","","20.41666667"
"TUNAL","2020-01-20","","12.0"
"TUNAL","2020-01-19","","4.3125"
"TUNAL","2020-01-18","","4.23809524"
"TUNAL","2020-01-17","","4.41176471"
"TUNAL","2020-01-16","","8.0"
"TUNAL","2020-01-15","","8.0"
"TUNAL","2020-01-14","","6.5"
"TUNAL","2020-01-13","","7.0"
"TUNAL","2020-01-12","","6.29166667"
"TUNAL","2020-01-11","","14.875"
"TUNAL","2020-01-10","","9.66666667"
"TUNAL","2020-01-09","","20.27272727"
"TUNAL","2020-01-08","","15.0"
"TUNAL","2020-01-07","","23.08333333"
"TUNAL","2020-01-06","","17.08333333"
"TUNAL","2020-01-05","","12.75"
"TUNAL","2020-01-04","","20.04166667"
"TUNAL","2020-01-03","","18.16666667"
"TUNAL","2020-01-02","","17.125"
"TUNAL","2020-01-01","","26.65217391"
"TUNAL","2019-12-31","","16.26086957"
"TUNAL","2019-12-30","","18.5"
"TUNAL","2019-12-29","","10.2173913"
"TUNAL","2019-12-28","","14.41666667"
"TUNAL","2019-12-27","","6.79166667"
"TUNAL","2019-12-26","","5.04166667"
"TUNAL","2019-12-25","","28.43478261"
"TUNAL","2019-12-24","","6.34782609"
"TUNAL","2019-12-23","","6.54166667"
"TUNAL","2019-12-22","","6.95238095"
"TUNAL","2019-12-21","","7.125"
"TUNAL","2019-12-20","","13.04166667"
"TUNAL","2019-12-19","","9.08333333"
"TUNAL","2019-12-18","","12.625"
"TUNAL","2019-12-17","","9.39130435"
"TUNAL","2019-12-16","","8.29166667"
"TUNAL","2019-12-15","","21.45833333"
"TUNAL","2019-12-14","","23.29166667"
"TUNAL","2019-12-13","","32.7826087"
"TUNAL","2019-12-12","","27.79166667"
"TUNAL","2019-12-11","","20.16666667"
"TUNAL","2019-12-10","","12.34782609"
"TUNAL","2019-12-09","","19.5"
"TUNAL","2019-12-08","","25.95833333"
"TUNAL","2019-12-07","","29.66666667"
"TUNAL","2019-12-06","","30.45833333"
"TUNAL","2019-12-05","","9.65"
"TUNAL","2019-12-04","","17.29166667"
"TUNAL","2019-12-03","","11.875"
"TUNAL","2019-12-02","","11.25"
"TUNAL","2019-12-01","","4.76190476"
"TUNAL","2019-11-30","","27.79166667"
"TUNAL","2019-11-29","","24.91666667"
"TUNAL","2019-11-28","","10.54166667"
"TUNAL","2019-11-27","","6.33333333"
"TUNAL","2019-11-26","","7.45833333"
"TUNAL","2019-11-25","","12.45833333"
"TUNAL","2019-11-24","","17.25"
"TUNAL","2019-11-23","","25.45833333"
"TUNAL","2019-11-22","","25.625"
"TUNAL","2019-11-21","","18.20833333"
"TUNAL","2019-11-20","","19.79166667"
"TUNAL","2019-11-19","","23.66666667"
"TUNAL","2019-11-18","","23.29166667"
"TUNAL","2019-11-17","","17.65"
"TUNAL","2019-11-16","","16.66666667"
"TUNAL","2019-11-15","","20.16666667"
"TUNAL","2019-11-14","","20.57142857"
"TUNAL","2019-11-13","","29.79166667"
"TUNAL","2019-11-12","","15.20833333"
"TUNAL","2019-11-11","","11.34782609"
"TUNAL","2019-11-10","","13.83333333"
"TUNAL","2019-11-09","","10.86956522"
"TUNAL","2019-11-08","","6.38095238"
"TUNAL","2019-11-07","","5.39130435"
"TUNAL","2019-11-06","","5.40909091"
"TUNAL","2019-11-05","","6.43478261"
"TUNAL","2019-11-04","","7.15789474"
"TUNAL","2019-11-03","","11.9047619"
"TUNAL","2019-11-02","","30.04166667"
"TUNAL","2019-11-01","","24.33333333"
"TUNAL","2019-10-31","","12.33333333"
"TUNAL","2019-10-30","","17.125"
"TUNAL","2019-10-29","","14.94736842"
"TUNAL","2019-10-28","","7.80952381"
"TUNAL","2019-10-27","","7.38888889"
"TUNAL","2019-10-26","","4.95238095"
"TUNAL","2019-10-25","","5.75"
"TUNAL","2019-10-24","","13.33333333"
"TUNAL","2019-10-23","","21.125"
"TUNAL","2019-10-22","","28.58333333"
"TUNAL","2019-10-21","","25.41666667"
"TUNAL","2019-10-20","","9.14285714"
"TUNAL","2019-10-19","","9.17391304"
"TUNAL","2019-10-18","","13.29166667"
"TUNAL","2019-10-17","","19.76190476"
"TUNAL","2019-10-16","","9.09090909"
"TUNAL","2019-10-15","","16.54166667"
"TUNAL","2019-10-14","","6.13636364"
"TUNAL","2019-10-13","","4.80952381"
"TUNAL","2019-10-12","","4.52380952"
"TUNAL","2019-10-11","","14.54166667"
"TUNAL","2019-10-10","","20.04166667"
"TUNAL","2019-10-09","","16.4"
"TUNAL","2019-10-08","","11.91666667"
"TUNAL","2019-10-07","","14.41666667"
"TUNAL","2019-10-06","","14.91666667"
"TUNAL","2019-10-05","","18.45833333"
"TUNAL","2019-10-04","","18.0"
"TUNAL","2019-10-03","","19.5"
"TUNAL","2019-10-02","","35.20833333"
"TUNAL","2019-10-01","","39.70833333"
"TUNAL","2019-09-28","","15.16666667"
"TUNAL","2019-09-27","","14.69565217"
"TUNAL","2019-09-26","","6.9047619"
"TUNAL","2019-09-25","","12.20833333"
"TUNAL","2019-09-24","","17.43478261"
"TUNAL","2019-09-23","","14.91666667"
"TUNAL","2019-09-22","","8.77272727"
"TUNAL","2019-09-21","","16.27272727"
"TUNAL","2019-09-20","","23.16666667"
"TUNAL","2019-09-19","","32.20833333"
"TUNAL","2019-09-18","","26.79166667"
"TUNAL","2019-09-17","","20.91666667"
"TUNAL","2019-09-16","","11.29166667"
"TUNAL","2019-09-15","","5.33333333"
"TUNAL","2019-09-14","","5.0"
"TUNAL","2019-09-13","","5.52173913"
"TUNAL","2019-09-12","","8.09090909"
"TUNAL","2019-09-11","","6.63636364"
"TUNAL","2019-09-10","","9.45833333"
"TUNAL","2019-09-09","","7.0"
"TUNAL","2019-09-08","","5.04166667"
"TUNAL","2019-09-07","","5.83333333"
"TUNAL","2019-09-06","","5.31578947"
"TUNAL","2019-09-05","","3.9047619"
"TUNAL","2019-09-04","","5.30434783"
"TUNAL","2019-09-03","","10.08695652"
"TUNAL","2019-09-02","","8.86363636"
"TUNAL","2019-09-01","","4.5"
"TUNAL","2019-08-31","","11.54166667"
"TUNAL","2019-08-30","","11.08333333"
"TUNAL","2019-08-29","","5.40909091"
"TUNAL","2019-08-28","","5.4"
"TUNAL","2019-08-27","","5.95652174"
"TUNAL","2019-08-26","","7.25"
"TUNAL","2019-08-25","","6.625"
"TUNAL","2019-08-24","","5.86363636"
"TUNAL","2019-08-23","","6.25"
"TUNAL","2019-08-22","","11.29166667"
"TUNAL","2019-08-21","","6.58333333"
"TUNAL","2019-08-20","","15.09090909"
"TUNAL","2019-08-19","","5.25"
"TUNAL","2019-08-18","","9.82608696"
"TUNAL","2019-08-17","","35.41666667"
"TUNAL","2019-08-16","","46.875"
"TUNAL","2019-08-15","","22.41666667"
"TUNAL","2019-08-14","","11.9047619"
"TUNAL","2019-08-13","","4.0"
"TUNAL","2019-08-12","","6.42857143"
"TUNAL","2019-08-11","","3.31818182"
"TUNAL","2019-08-10","","8.66666667"
"TUNAL","2019-08-09","","5.25"
"TUNAL","2019-08-08","","8.0"
"TUNAL","2019-08-07","","6.83333333"
"TUNAL","2019-08-06","","10.66666667"
"TUNAL","2019-08-05","","13.25"
"TUNAL","2019-08-04","","6.95833333"
"TUNAL","2019-08-03","","5.95652174"
"TUNAL","2019-08-02","","9.68181818"
"TUNAL","2019-08-01","","8.91304348"
"TUNAL","2019-07-31","","6.17391304"
"TUNAL","2019-07-30","","7.04166667"
"TUNAL","2019-07-29","","8.47826087"
"TUNAL","2019-07-28","","4.625"
"TUNAL","2019-07-27","","9.68181818"
"TUNAL","2019-07-26","","4.69565217"
"TUNAL","2019-07-25","","11.70833333"
"TUNAL","2019-07-24","","8.33333333"
"TUNAL","2019-07-23","","7.77272727"
"TUNAL","2019-07-22","","7.86363636"
"TUNAL","2019-07-21","","4.39130435"
"TUNAL","2019-07-20","","5.14285714"
"TUNAL","2019-07-19","","4.45454545"
"TUNAL","2019-07-18","","7.17391304"
"TUNAL","2019-07-17","","19.94444444"
"TUNAL","2019-07-16","","8.68181818"
"TUNAL","2019-07-15","","6.85"
"TUNAL","2019-07-14","","4.15"
"TUNAL","2019-07-13","","7.0"
"TUNAL","2019-07-12","","13.16666667"
"TUNAL","2019-07-11","","7.52380952"
"TUNAL","2019-07-10","","3.68421053"
"TUNAL","2019-07-09","","6.3"
"TUNAL","2019-07-08","","5.28571429"
"TUNAL","2019-07-07","","3.05882353"
"TUNAL","2019-07-06","","7.38095238"
"TUNAL","2019-07-05","","17.26086957"
"TUNAL","2019-07-04","","11.625"
"TUNAL","2019-07-03","","10.57142857"
"TUNAL","2019-07-02","","14.29166667"
"TUNAL","2019-07-01","","5.20833333"
"TUNAL","2019-06-30","","7.38095238"
"TUNAL","2019-06-29","","6.95833333"
"TUNAL","2019-06-28","","5.41666667"
"TUNAL","2019-06-27","","9.43478261"
"TUNAL","2019-06-26","","6.5"
"TUNAL","2019-06-25","","15.2173913"
"TUNAL","2019-06-24","","6.3"
"TUNAL","2019-06-23","","3.52631579"
"TUNAL","2019-06-22","","6.68181818"
"TUNAL","2019-06-21","","4.08695652"
"TUNAL","2019-06-20","","3.1"
"TUNAL","2019-06-19","","3.38461538"
"TUNAL","2019-06-18","","3.5"
"TUNAL","2019-06-17","","3.53846154"
"TUNAL","2019-06-16","","3.73684211"
"TUNAL","2019-06-15","","6.0"
"TUNAL","2019-06-14","","11.42105263"
"TUNAL","2019-06-13","","11.27272727"
"TUNAL","2019-06-12","","10.35294118"
"TUNAL","2019-06-11","","7.23809524"
"TUNAL","2019-06-10","","8.3"
"TUNAL","2019-06-09","","4.28571429"
"TUNAL","2019-06-08","","9.45"
"TUNAL","2019-06-07","","7.0"
"TUNAL","2019-06-06","","12.13636364"
"TUNAL","2019-06-05","","7.0"
"TUNAL","2019-06-04","","8.22222222"
"TUNAL","2019-06-03","","4.22222222"
"TUNAL","2019-06-02","","9.38095238"
"TUNAL","2019-06-01","","28.65217391"
"TUNAL","2019-05-31","","37.29166667"
"TUNAL","2019-05-30","","29.83333333"
"TUNAL","2019-05-29","","15.69565217"
"TUNAL","2019-05-28","","10.91666667"
"TUNAL","2019-05-27","","21.75"
"TUNAL","2019-05-26","","8.83333333"
"TUNAL","2019-05-25","","17.29166667"
"TUNAL","2019-05-24","","16.95833333"
"TUNAL","2019-05-23","","19.36363636"
"TUNAL","2019-05-22","","13.5"
"TUNAL","2019-05-21","","13.0"
"TUNAL","2019-05-20","","14.95833333"
"TUNAL","2019-05-19","","14.83333333"
"TUNAL","2019-05-18","","19.79166667"
"TUNAL","2019-05-17","","21.13043478"
"TUNAL","2019-05-16","","15.70833333"
"TUNAL","2019-05-15","","6.18181818"
"TUNAL","2019-05-14","","8.59090909"
"TUNAL","2019-05-13","","6.90909091"
"TUNAL","2019-05-12","","7.36363636"
"TUNAL","2019-05-11","","18.70833333"
"TUNAL","2019-05-10","","23.33333333"
"TUNAL","2019-05-09","","16.20833333"
"TUNAL","2019-05-08","","10.21052632"
"TUNAL","2019-05-07","","5.54545455"
"TUNAL","2019-05-06","","5.04545455"
"TUNAL","2019-05-05","","4.75"
"TUNAL","2019-05-04","","12.75"
"TUNAL","2019-05-03","","15.58333333"
"TUNAL","2019-05-02","","17.95833333"
"TUNAL","2019-05-01","","16.79166667"
"TUNAL","2019-04-30","","12.54166667"
"TUNAL","2019-04-29","","7.47619048"
"TUNAL","2019-04-28","","4.0952381"
"TUNAL","2019-04-27","","5.85"
"TUNAL","2019-04-26","","5.95238095"
"TUNAL","2019-04-25","","9.04347826"
"TUNAL","2019-04-24","","17.58333333"
"TUNAL","2019-04-23","","30.58333333"
"TUNAL","2019-04-22","","20.20833333"
"TUNAL","2019-04-21","","12.30434783"
"TUNAL","2019-04-20","","13.875"
"TUNAL","2019-04-19","","9.84210526"
"TUNAL","2019-04-18","","14.875"
"TUNAL","2019-04-17","","29.33333333"
"TUNAL","2019-04-16","","21.08333333"
"TUNAL","2019-04-15","","18.29166667"
"TUNAL","2019-04-14","","22.41666667"
"TUNAL","2019-04-13","","24.41666667"
"TUNAL","2019-04-12","","22.29166667"
"TUNAL","2019-04-11","","36.91666667"
"TUNAL","2019-04-10","","28.70833333"
"TUNAL","2019-04-09","","28.66666667"
"TUNAL","2019-04-08","","32.41666667"
"TUNAL","2019-04-07","","25.95833333"
"TUNAL","2019-04-06","","21.95833333"
"TUNAL","2019-04-05","","30.04166667"
"TUNAL","2019-04-04","","21.29166667"
"TUNAL","2019-04-03","","28.95833333"
"TUNAL","2019-04-02","","27.08333333"
"TUNAL","2019-04-01","","25.04166667"
"TUNAL","2019-03-31","","12.45833333"
"TUNAL","2019-03-30","","22.25"
"TUNAL","2019-03-29","","38.04166667"
"TUNAL","2019-03-28","","50.79166667"
"TUNAL","2019-03-27","","38.0"
"TUNAL","2019-03-26","","49.34782609"
"TUNAL","2019-03-25","","33.05263158"
"TUNAL","2019-03-24","","32.84615385"
"TUNAL","2019-03-23","","41.39130435"
"TUNAL","2019-03-22","","32.16666667"
"TUNAL","2019-03-21","","39.75"
"TUNAL","2019-03-20","","31.20833333"
"TUNAL","2019-03-19","","20.83333333"
"TUNAL","2019-03-18","","20.875"
"TUNAL","2019-03-17","","15.83333333"
"TUNAL","2019-03-16","","16.08333333"
"TUNAL","2019-03-15","","22.375"
"TUNAL","2019-03-14","","24.0"
"TUNAL","2019-03-13","","25.33333333"
"TUNAL","2019-03-12","","26.79166667"
"TUNAL","2019-03-11","","11.13636364"
"TUNAL","2019-03-10","","10.08333333"
"TUNAL","2019-03-09","","17.70833333"
"TUNAL","2019-03-08","","35.95833333"
"TUNAL","2019-03-07","","38.5"
"TUNAL","2019-03-06","","31.625"
"TUNAL","2019-03-05","","30.29166667"
"TUNAL","2019-03-04","","30.83333333"
"TUNAL","2019-03-03","","22.375"
"TUNAL","2019-03-02","","32.70833333"
"TUNAL","2019-03-01","","32.08333333"
"TUNAL","2019-02-28","","22.5"
"TUNAL","2019-02-27","","27.08333333"
"TUNAL","2019-02-26","","34.41666667"
"TUNAL","2019-02-25","","23.41666667"
"TUNAL","2019-02-24","","25.47619048"
"TUNAL","2019-02-23","","25.58333333"
"TUNAL","2019-02-22","","24.0"
"TUNAL","2019-02-21","","30.45833333"
"TUNAL","2019-02-20","","19.375"
"TUNAL","2019-02-19","","14.79166667"
"TUNAL","2019-02-18","","32.69565217"
"TUNAL","2019-02-17","","22.58333333"
"TUNAL","2019-02-16","","21.83333333"
"TUNAL","2019-02-15","","35.95833333"
"TUNAL","2019-02-14","","41.70833333"
"TUNAL","2019-02-13","","21.41666667"
"TUNAL","2019-02-12","","27.25"
"TUNAL","2019-02-11","","18.91666667"
"TUNAL","2019-02-10","","21.79166667"
"TUNAL","2019-02-09","","19.75"
"TUNAL","2019-02-08","","22.2173913"
"TUNAL","2019-02-07","","22.25"
"TUNAL","2019-02-06","","18.75"
"TUNAL","2019-02-05","","24.79166667"
"TUNAL","2019-02-04","","24.75"
"TUNAL","2019-02-03","","13.70833333"
"TUNAL","2019-02-02","","35.16666667"
"TUNAL","2019-02-01","","26.375"
"TUNAL","2019-01-31","","28.79166667"
"TUNAL","2019-01-30","","35.09090909"
"TUNAL","2019-01-29","","22.75"
"TUNAL","2019-01-28","","21.29166667"
"TUNAL","2019-01-27","","19.375"
"TUNAL","2019-01-26","","9.36363636"
"TUNAL","2019-01-25","","12.70833333"
"TUNAL","2019-01-24","","8.33333333"
"TUNAL","2019-01-23","","11.25"
"TUNAL","2019-01-22","","11.20833333"
"TUNAL","2019-01-21","","19.33333333"
"TUNAL","2019-01-20","","5.875"
"TUNAL","2019-01-19","","8.54166667"
"TUNAL","2019-01-18","","10.70833333"
"TUNAL","2019-01-17","","11.33333333"
"TUNAL","2019-01-16","","13.83333333"
"TUNAL","2019-01-15","","14.70833333"
"TUNAL","2019-01-14","","14.04166667"
"TUNAL","2019-01-13","","22.91666667"
"TUNAL","2019-01-12","","31.91666667"
"TUNAL","2019-01-11","","27.46153846"
"TUNAL","2019-01-10","","16.625"
"TUNAL","2019-01-09","","22.875"
"TUNAL","2019-01-08","","29.91666667"
"TUNAL","2019-01-07","","15.45833333"
"TUNAL","2019-01-06","","16.41666667"
"TUNAL","2019-01-05","","12.875"
"TUNAL","2019-01-04","","8.27272727"
"TUNAL","2019-01-03","","5.38095238"
"TUNAL","2019-01-02","","4.625"
"TUNAL","2019-01-01","","17.28571429"
"TUNAL","2018-12-31","","9.91666667"
"TUNAL","2018-12-30","","7.04166667"
"TUNAL","2018-12-29","","9.5"
"TUNAL","2018-12-28","","19.95238095"
"TUNAL","2018-12-27","","8.45833333"
"TUNAL","2018-12-26","","15.43478261"
"TUNAL","2018-12-25","","13.63636364"
"TUNAL","2018-12-24","","12.79166667"
"TUNAL","2018-12-23","","8.29166667"
"TUNAL","2018-12-22","","9.41666667"
"TUNAL","2018-12-21","","12.75"
"TUNAL","2018-12-20","","19.375"
"TUNAL","2018-12-19","","15.20833333"
"TUNAL","2018-12-18","","20.33333333"
"TUNAL","2018-12-17","","19.45833333"
"TUNAL","2018-12-16","","13.0"
"TUNAL","2018-12-15","","20.5"
"TUNAL","2018-12-14","","12.83333333"
"TUNAL","2018-12-13","","13.625"
"TUNAL","2018-12-12","","13.625"
"TUNAL","2018-12-11","","15.45833333"
"TUNAL","2018-12-10","","18.04166667"
"TUNAL","2018-12-09","","16.33333333"
"TUNAL","2018-12-08","","18.83333333"
"TUNAL","2018-12-07","","14.79166667"
"TUNAL","2018-12-06","","22.0"
"TUNAL","2018-12-05","","27.41666667"
"TUNAL","2018-12-04","","25.45833333"
"TUNAL","2018-12-03","","26.45833333"
"TUNAL","2018-12-02","","21.41666667"
"TUNAL","2018-12-01","","23.33333333"
"TUNAL","2018-11-30","","32.54166667"
"TUNAL","2018-11-29","","28.875"
"TUNAL","2018-11-28","","21.0"
"TUNAL","2018-11-27","","23.17391304"
"TUNAL","2018-11-26","","13.0"
"TUNAL","2018-11-25","","7.66666667"
"TUNAL","2018-11-24","","19.29166667"
"TUNAL","2018-11-23","","17.125"
"TUNAL","2018-11-22","","18.04166667"
"TUNAL","2018-11-21","","15.04347826"
"TUNAL","2018-11-20","","5.41176471"
"TUNAL","2018-11-19","","8.82608696"
"TUNAL","2018-11-18","","6.84210526"
"TUNAL","2018-11-17","","11.47368421"
"TUNAL","2018-11-16","","19.52173913"
"TUNAL","2018-11-15","","26.5"
"TUNAL","2018-11-14","","23.08333333"
"TUNAL","2018-11-13","","13.5"
"TUNAL","2018-11-12","","3.875"
"TUNAL","2018-11-11","","7.70588235"
"TUNAL","2018-11-10","","16.5"
"TUNAL","2018-11-09","","21.65"
"TUNAL","2018-11-08","","12.15789474"
"TUNAL","2018-11-07","","12.9375"
"TUNAL","2018-11-06","","17.36363636"
"TUNAL","2018-11-05","","7.52173913"
"TUNAL","2018-11-04","","14.79166667"
"TUNAL","2018-11-03","","12.82608696"
"TUNAL","2018-11-02","","4.95"
"TUNAL","2018-11-01","","3.56521739"
"TUNAL","2018-10-31","","9.72727273"
"TUNAL","2018-10-30","","11.18181818"
"TUNAL","2018-10-29","","8.89473684"
"TUNAL","2018-10-28","","7.61111111"
"TUNAL","2018-10-27","","4.0"
"TUNAL","2018-10-26","","10.21052632"
"TUNAL","2018-10-25","","18.94285714"
"TUNAL","2018-10-24","","24.31666667"
"TUNAL","2018-10-23","","17.10869565"
"TUNAL","2018-10-22","","25.60416667"
"TUNAL","2018-10-21","","18.33478261"
"TUNAL","2018-10-20","","22.55416667"
"TUNAL","2018-10-19","","43.12083333"
"TUNAL","2018-10-18","","41.35"
"TUNAL","2018-10-17","","25.12083333"
"TUNAL","2018-10-16","","15.6125"
"TUNAL","2018-10-15","","14.03333333"
"TUNAL","2018-10-14","","33.875"
"TUNAL","2018-10-13","","39.1125"
"TUNAL","2018-10-12","","37.09166667"
"TUNAL","2018-10-11","","35.9375"
"TUNAL","2018-10-10","","34.04166667"
"TUNAL","2018-10-09","","23.6625"
"TUNAL","2018-10-08","","15.42083333"
"TUNAL","2018-10-07","","21.00909091"
"TUNAL","2018-10-06","","22.36521739"
"TUNAL","2018-10-05","","34.05416667"
"TUNAL","2018-10-04","","22.925"
"TUNAL","2018-10-03","","30.28695652"
"TUNAL","2018-10-02","","19.25416667"
"TUNAL","2018-10-01","","19.84166667"
"TUNAL","2018-09-30","","11.6826087"
"TUNAL","2018-09-29","","15.625"
"TUNAL","2018-09-28","","14.575"
"TUNAL","2018-09-27","","12.6"
"TUNAL","2018-09-26","","21.8625"
"TUNAL","2018-09-25","","16.10833333"
"TUNAL","2018-09-24","","10.60833333"
"TUNAL","2018-09-23","","9.5"
"TUNAL","2018-09-22","","12.96086957"
"TUNAL","2018-09-21","","15.04166667"
"TUNAL","2018-09-20","","13.54782609"
"TUNAL","2018-09-19","","16.6625"
"TUNAL","2018-09-18","","15.35652174"
"TUNAL","2018-09-17","","16.69166667"
"TUNAL","2018-09-16","","9.905"
"TUNAL","2018-09-15","","25.89583333"
"TUNAL","2018-09-14","","47.95"
"TUNAL","2018-09-13","","47.5125"
"TUNAL","2018-09-12","","49.825"
"TUNAL","2018-09-11","","29.25416667"
"TUNAL","2018-09-10","","13.03333333"
"TUNAL","2018-09-09","","7.075"
"TUNAL","2018-09-08","","14.14166667"
"TUNAL","2018-09-07","","26.15833333"
"TUNAL","2018-09-06","","29.97916667"
"TUNAL","2018-09-05","","12.94347826"
"TUNAL","2018-09-04","","11.125"
"TUNAL","2018-09-03","","13.30833333"
"TUNAL","2018-09-02","","12.875"
"TUNAL","2018-09-01","","18.84166667"
"TUNAL","2018-08-31","","15.35"
"TUNAL","2018-08-30","","11.73333333"
"TUNAL","2018-08-29","","8.3125"
"TUNAL","2018-08-28","","10.3125"
"TUNAL","2018-08-27","","8.89583333"
"TUNAL","2018-08-26","","7.88571429"
"TUNAL","2018-08-25","","10.49166667"
"TUNAL","2018-08-24","","17.43333333"
"TUNAL","2018-08-11","","12.98235294"
"TUNAL","2018-08-10","","12.60869565"
"TUNAL","2018-08-09","","8.1"
"TUNAL","2018-08-08","","13.46086957"
"TUNAL","2018-08-07","","9.15714286"
"TUNAL","2018-08-06","","13.39565217"
"TUNAL","2018-08-05","","10.89285714"
"TUNAL","2018-08-04","","19.57916667"
"TUNAL","2018-08-03","","15.91666667"
"TUNAL","2018-08-02","","9.91666667"
"TUNAL","2018-08-01","","11.45833333"
"TUNAL","2018-07-31","","16.32916667"
"TUNAL","2018-07-30","","15.14782609"
"TUNAL","2018-07-29","","9.50416667"
"TUNAL","2018-07-28","","15.375"
"TUNAL","2018-07-27","","9.11428571"
"TUNAL","2018-07-26","","9.08095238"
"TUNAL","2018-07-25","","14.70416667"
"TUNAL","2018-07-24","","12.0826087"
"TUNAL","2018-07-23","","15.6125"
"TUNAL","2018-07-22","","26.4173913"
"TUNAL","2018-07-21","","15.79166667"
"TUNAL","2018-07-20","","10.97826087"
"TUNAL","2018-07-19","","12.24166667"
"TUNAL","2018-07-18","","11.79130435"
"TUNAL","2018-07-17","","12.36666667"
"TUNAL","2018-07-16","","14.39166667"
"TUNAL","2018-07-15","","6.39583333"
"TUNAL","2018-07-14","","7.98333333"
"TUNAL","2018-07-13","","6.65652174"
"TUNAL","2018-07-12","","8.45416667"
"TUNAL","2018-07-11","","7.82916667"
"TUNAL","2018-07-10","","11.27083333"
"TUNAL","2018-07-09","","10.37083333"
"TUNAL","2018-07-08","","10.25416667"
"TUNAL","2018-07-07","","15.37391304"
"TUNAL","2018-07-06","","10.34782609"
"TUNAL","2018-07-05","","7.17391304"
"TUNAL","2018-07-04","","8.14"
"TUNAL","2018-07-03","","7.35454545"
"TUNAL","2018-07-02","","11.82222222"
"TUNAL","2018-07-01","","15.02142857"
"TUNAL","2018-06-30","","21.54285714"
"TUNAL","2018-06-29","","24.69411765"
"TUNAL","2018-06-28","","14.85714286"
"TUNAL","2018-06-27","","19.23125"
"TUNAL","2018-06-26","","8.79166667"
"TUNAL","2018-06-25","","8.15833333"
"TUNAL","2018-06-24","","6.43846154"
"TUNAL","2018-06-23","","9.54705882"
"TUNAL","2018-06-22","","10.45882353"
"TUNAL","2018-06-21","","10.48666667"
"TUNAL","2018-06-20","","9.41111111"
"TUNAL","2018-06-19","","5.47777778"
"TUNAL","2018-06-18","","5.95833333"
"TUNAL","2018-06-17","","6.92727273"
"TUNAL","2018-06-16","","10.74761905"
"TUNAL","2018-06-15","","9.01428571"
"TUNAL","2018-06-14","","9.36666667"
"TUNAL","2018-06-13","","11.3625"
"TUNAL","2018-06-12","","11.69583333"
"TUNAL","2018-06-11","","5.65"
"TUNAL","2018-06-10","","6.64090909"
"TUNAL","2018-06-09","","6.77727273"
"TUNAL","2018-06-08","","7.79166667"
"TUNAL","2018-06-07","","13.24583333"
"TUNAL","2018-06-06","","6.79047619"
"TUNAL","2018-06-05","","9.43636364"
"TUNAL","2018-06-02","","25.3375"
"TUNAL","2018-06-01","","13.6875"
"TUNAL","2018-05-31","","10.59545455"
"TUNAL","2018-05-30","","17.00526316"
"TUNAL","2018-05-29","","15.22272727"
"TUNAL","2018-05-28","","17.1625"
"TUNAL","2018-05-27","","13.83333333"
"TUNAL","2018-05-26","","7.91363636"
"TUNAL","2018-05-25","","13.43913043"
"TUNAL","2018-05-24","","9.575"
"TUNAL","2018-05-23","","11.93333333"
"TUNAL","2018-05-22","","16.97391304"
"TUNAL","2018-05-21","","11.78"
"TUNAL","2018-05-20","","6.89047619"
"TUNAL","2018-05-19","","16.425"
"TUNAL","2018-05-18","","19.8"
"TUNAL","2018-05-17","","11.25652174"
"TUNAL","2018-05-16","","8.65238095"
"TUNAL","2018-05-15","","19.8"
"TUNAL","2018-05-14","","16.84285714"
"TUNAL","2018-05-13","","16.44444444"
"TUNAL","2018-05-12","","11.23181818"
"TUNAL","2018-05-11","","25.8173913"
"TUNAL","2018-05-10","","27.85416667"
"TUNAL","2018-05-09","","21.78888889"
"TUNAL","2018-05-08","","31.00909091"
"TUNAL","2018-05-07","","28.57391304"
"TUNAL","2018-05-06","","17.45263158"
"TUNAL","2018-05-05","","19.1125"
"TUNAL","2018-05-04","","21.50416667"
"TUNAL","2018-05-03","","16.10416667"
"TUNAL","2018-05-02","","15.18695652"
"TUNAL","2018-05-01","","20.5875"
"TUNAL","2018-04-30","","19.30833333"
"TUNAL","2018-04-29","","22.7625"
"TUNAL","2018-04-28","","31.9875"
"TUNAL","2018-04-27","","13.23888889"
"TUNAL","2018-04-26","","13.5047619"
"TUNAL","2018-04-25","","13.22608696"
"TUNAL","2018-04-24","","15.35"
"TUNAL","2018-04-23","","9.45"
"TUNAL","2018-04-22","","12.31052632"
"TUNAL","2018-04-21","","15.09166667"
"TUNAL","2018-04-20","","13.04583333"
"TUNAL","2018-04-19","","9.58333333"
"TUNAL","2018-04-18","","12.39166667"
"TUNAL","2018-04-17","","25.25"
"TUNAL","2018-04-16","","18.54347826"
"TUNAL","2018-04-15","","18.98695652"
"TUNAL","2018-04-14","","27.4"
"TUNAL","2018-04-13","","39.16521739"
"TUNAL","2018-04-12","","34.34166667"
"TUNAL","2018-04-11","","48.70869565"
"TUNAL","2018-04-10","","34.0173913"
"TUNAL","2018-04-09","","36.09166667"
"TUNAL","2018-04-08","","30.24347826"
"TUNAL","2018-04-07","","33.18333333"
"TUNAL","2018-04-06","","23.39583333"
"TUNAL","2018-04-05","","40.8625"
"TUNAL","2018-04-04","","32.89166667"
"TUNAL","2018-04-03","","27.86521739"
"TUNAL","2018-04-02","","26.95652174"
"TUNAL","2018-04-01","","17.40909091"
"TUNAL","2018-03-31","","14.9"
"TUNAL","2018-03-30","","19.81818182"
"TUNAL","2018-03-29","","9.34782609"
"TUNAL","2018-03-28","","26.45833333"
"TUNAL","2018-03-27","","40.04166667"
"TUNAL","2018-03-26","","30.33333333"
"TUNAL","2018-03-25","","27.625"
"TUNAL","2018-03-24","","33.0"
"TUNAL","2018-03-23","","56.19047619"
"TUNAL","2018-03-22","","37.16666667"
"TUNAL","2018-03-21","","35.08695652"
"TUNAL","2018-03-20","","35.33333333"
"TUNAL","2018-03-19","","24.20833333"
"TUNAL","2018-03-18","","38.18181818"
"TUNAL","2018-03-17","","27.79166667"
"TUNAL","2018-03-16","","28.875"
"TUNAL","2018-03-15","","36.39130435"
"TUNAL","2018-03-14","","23.41666667"
"TUNAL","2018-03-13","","24.83333333"
"TUNAL","2018-03-12","","21.17391304"
"TUNAL","2018-03-11","","12.58333333"
"TUNAL","2018-03-10","","14.86956522"
"TUNAL","2018-03-09","","13.8"
"TUNAL","2018-03-08","","16.18181818"
"TUNAL","2018-03-07","","12.63636364"
"TUNAL","2018-03-06","","20.875"
"TUNAL","2018-03-05","","31.125"
"TUNAL","2018-03-04","","37.75"
"TUNAL","2018-03-03","","34.0"
"TUNAL","2018-03-02","","30.08333333"
"TUNAL","2018-03-01","","44.41666667"
"TUNAL","2018-02-28","","38.375"
"TUNAL","2018-02-27","","32.0"
"TUNAL","2018-02-26","","33.47368421"
"TUNAL","2018-02-25","","27.8"
"TUNAL","2018-02-24","","29.56521739"
"TUNAL","2018-02-23","","41.66666667"
"TUNAL","2018-02-22","","36.17391304"
"TUNAL","2018-02-21","","45.86956522"
"TUNAL","2018-02-20","","33.70833333"
"TUNAL","2018-02-19","","34.95833333"
"TUNAL","2018-02-18","","23.79166667"
"TUNAL","2018-02-17","","23.04166667"
"TUNAL","2018-02-16","","23.33333333"
"TUNAL","2018-02-15","","26.22727273"
"TUNAL","2018-02-14","","23.25"
"TUNAL","2018-02-13","","39.63636364"
"TUNAL","2018-02-12","","26.625"
"TUNAL","2018-02-11","","22.52173913"
"TUNAL","2018-02-10","","21.5"
"TUNAL","2018-02-09","","24.58333333"
"TUNAL","2018-02-08","","42.33333333"
"TUNAL","2018-02-07","","29.41666667"
"TUNAL","2018-02-06","","45.66666667"
"TUNAL","2018-02-05","","36.16666667"
"TUNAL","2018-02-04","","30.33333333"
"TUNAL","2018-02-03","","41.08333333"
"TUNAL","2018-02-02","","35.54166667"
"TUNAL","2018-02-01","","34.13043478"
"TUNAL","2018-01-31","","23.41666667"
"TUNAL","2018-01-30","","23.91304348"
"TUNAL","2018-01-29","","17.58333333"
"TUNAL","2018-01-28","","12.82608696"
"TUNAL","2018-01-27","","24.86956522"
"TUNAL","2018-01-26","","32.04166667"
"TUNAL","2018-01-25","","15.25"
"TUNAL","2018-01-24","","19.70833333"
"TUNAL","2018-01-23","","15.17391304"
"TUNAL","2018-01-22","","17.95833333"
"TUNAL","2018-01-21","","11.0"
"TUNAL","2018-01-20","","13.0"
"TUNAL","2018-01-19","","9.65"
"TUNAL","2018-01-18","","14.09090909"
"TUNAL","2018-01-17","","22.04347826"
"TUNAL","2018-01-16","","16.41666667"
"TUNAL","2018-01-15","","43.5"
"TUNAL","2018-01-14","","29.75"
"TUNAL","2018-01-13","","29.75"
"TUNAL","2018-01-12","","16.875"
"TUNAL","2018-01-11","","18.45833333"
"TUNAL","2018-01-10","","27.60869565"
"TUNAL","2018-01-09","","25.29166667"
"TUNAL","2018-01-08","","17.91666667"
"TUNAL","2018-01-07","","21.34782609"
"TUNAL","2018-01-06","","20.125"
"TUNAL","2018-01-05","","31.33333333"
"TUNAL","2018-01-04","","32.08333333"
"TUNAL","2018-01-03","","19.75"
"TUNAL","2018-01-02","","20.95833333"
"TUNAL","2018-01-01","","35.26315789"
"TUNAL","2017-12-31","","27.73913043"
"TUNAL","2017-12-30","","28.22727273"
"TUNAL","2017-12-29","","28.70833333"
"TUNAL","2017-12-28","","19.19047619"
"TUNAL","2017-12-27","","18.0"
"TUNAL","2017-12-26","","26.75"
"TUNAL","2017-12-25","","27.52173913"
"TUNAL","2017-12-24","","19.52173913"
"TUNAL","2017-12-23","","20.66666667"
"TUNAL","2017-12-22","","14.47826087"
"TUNAL","2017-12-21","","29.5"
"TUNAL","2017-12-20","","24.33333333"
"TUNAL","2017-12-19","","33.79166667"
"TUNAL","2017-12-18","","21.43478261"
"TUNAL","2017-12-17","","14.5"
"TUNAL","2017-12-16","","21.625"
"TUNAL","2017-12-15","","24.47826087"
"TUNAL","2017-12-14","","16.31818182"
"TUNAL","2017-12-13","","22.25"
"TUNAL","2017-12-12","","21.70833333"
"TUNAL","2017-12-11","","19.79166667"
"TUNAL","2017-12-10","","21.54166667"
"TUNAL","2017-12-09","","33.66666667"
"TUNAL","2017-12-08","","14.04347826"
"TUNAL","2017-12-07","","30.08333333"
"TUNAL","2017-12-06","","23.75"
"TUNAL","2017-12-05","","15.73684211"
"TUNAL","2017-12-04","","20.45454545"
"TUNAL","2017-12-03","","11.0"
"TUNAL","2017-12-02","","35.70588235"
"TUNAL","2017-12-01","","38.33333333"
"TUNAL","2017-11-30","","33.25"
"TUNAL","2017-11-29","","13.71428571"
"TUNAL","2017-11-28","","14.68181818"
"TUNAL","2017-11-27","","18.08333333"
"TUNAL","2017-11-26","","18.57142857"
"TUNAL","2017-11-25","","19.31818182"
"TUNAL","2017-11-24","","40.33333333"
"TUNAL","2017-11-23","","34.125"
"TUNAL","2017-11-22","","37.25"
"TUNAL","2017-11-21","","37.75"
"TUNAL","2017-11-20","","27.72727273"
"TUNAL","2017-11-19","","25.57142857"
"TUNAL","2017-11-18","","32.375"
"TUNAL","2017-11-17","","26.2173913"
"TUNAL","2017-11-16","","38.79166667"
"TUNAL","2017-11-15","","33.08695652"
"TUNAL","2017-11-14","","25.59090909"
"TUNAL","2017-11-13","","15.91304348"
"TUNAL","2017-11-12","","15.47368421"
"TUNAL","2017-11-11","","26.54166667"
"TUNAL","2017-11-10","","42.875"
"TUNAL","2017-11-09","","30.875"
"TUNAL","2017-11-08","","29.70833333"
"TUNAL","2017-11-07","","27.33333333"
"TUNAL","2017-11-06","","28.41666667"
"TUNAL","2017-11-05","","25.58333333"
"TUNAL","2017-11-04","","29.68181818"
"TUNAL","2017-11-03","","37.33333333"
"TUNAL","2017-11-02","","29.5"
"TUNAL","2017-11-01","","37.54166667"
"TUNAL","2017-10-31","","33.91304348"
"TUNAL","2017-10-30","","32.375"
"TUNAL","2017-10-29","","14.56521739"
"TUNAL","2017-10-28","","31.33333333"
"TUNAL","2017-10-27","","40.16666667"
"TUNAL","2017-10-26","","41.04166667"
"TUNAL","2017-10-25","","16.65217391"
"TUNAL","2017-10-24","","11.47826087"
"TUNAL","2017-10-23","","10.7826087"
"TUNAL","2017-10-22","","11.52941176"
"TUNAL","2017-10-21","","17.81818182"
"TUNAL","2017-10-20","","16.16666667"
"TUNAL","2017-10-19","","25.63636364"
"TUNAL","2017-10-18","","10.61904762"
"TUNAL","2017-10-17","","8.81818182"
"TUNAL","2017-10-16","","9.35294118"
"TUNAL","2017-10-15","","11.5"
"TUNAL","2017-10-14","","12.40909091"
"TUNAL","2017-10-13","","14.95833333"
"TUNAL","2017-10-12","","27.95652174"
"TUNAL","2017-10-11","","24.18181818"
"TUNAL","2017-10-10","","41.73913043"
"TUNAL","2017-10-09","","37.25"
"TUNAL","2017-10-08","","16.7"
"TUNAL","2017-10-07","","11.59090909"
"TUNAL","2017-10-06","","13.69565217"
"TUNAL","2017-10-05","","8.85"
"TUNAL","2017-10-04","","9.08695652"
"TUNAL","2017-10-03","","33.95833333"
"TUNAL","2017-10-02","","28.33333333"
"TUNAL","2017-10-01","","17.30434783"
"TUNAL","2017-09-30","","11.16666667"
"TUNAL","2017-09-29","","13.95833333"
"TUNAL","2017-09-28","","20.04347826"
"TUNAL","2017-09-27","","18.33333333"
"TUNAL","2017-09-26","","16.95652174"
"TUNAL","2017-09-25","","10.28571429"
"TUNAL","2017-09-24","","8.22222222"
"TUNAL","2017-09-23","","16.0"
"TUNAL","2017-09-22","","26.625"
"TUNAL","2017-09-21","","22.375"
"TUNAL","2017-09-20","","28.17391304"
"TUNAL","2017-09-19","","22.16666667"
"TUNAL","2017-09-18","","10.33333333"
"TUNAL","2017-09-17","","7.35294118"
"TUNAL","2017-09-16","","13.33333333"
"TUNAL","2017-09-15","","13.08695652"
"TUNAL","2017-09-14","","11.875"
"TUNAL","2017-09-13","","9.55"
"TUNAL","2017-09-12","","13.41666667"
"TUNAL","2017-09-11","","12.95238095"
"TUNAL","2017-09-10","","14.0"
"TUNAL","2017-09-09","","20.18181818"
"TUNAL","2017-09-08","","25.95833333"
"TUNAL","2017-09-07","","19.70833333"
"TUNAL","2017-09-06","","16.83333333"
"TUNAL","2017-09-05","","14.73913043"
"TUNAL","2017-09-04","","16.27272727"
"TUNAL","2017-09-03","","9.39130435"
"TUNAL","2017-09-02","","10.31818182"
"TUNAL","2017-09-01","","14.29166667"
"TUNAL","2017-08-31","","13.04545455"
"TUNAL","2017-08-30","","8.90909091"
"TUNAL","2017-08-29","","16.45454545"
"TUNAL","2017-08-28","","11.58333333"
"TUNAL","2017-08-27","","15.29166667"
"TUNAL","2017-08-26","","15.43478261"
"TUNAL","2017-08-25","","13.08333333"
"TUNAL","2017-08-24","","20.5"
"TUNAL","2017-08-23","","13.375"
"TUNAL","2017-08-22","","10.52380952"
"TUNAL","2017-08-21","","11.0"
"TUNAL","2017-08-20","","14.90909091"
"TUNAL","2017-08-19","","25.5"
"TUNAL","2017-08-18","","32.75"
"TUNAL","2017-08-17","","18.23809524"
"TUNAL","2017-08-16","","15.05263158"
"TUNAL","2017-08-15","","23.625"
"TUNAL","2017-08-14","","14.66666667"
"TUNAL","2017-08-13","","10.65217391"
"TUNAL","2017-08-12","","10.16666667"
"TUNAL","2017-08-11","","16.91666667"
"TUNAL","2017-08-10","","20.83333333"
"TUNAL","2017-08-09","","12.625"
"TUNAL","2017-08-08","","17.0"
"TUNAL","2017-08-05","","11.31578947"
"TUNAL","2017-08-04","","12.80952381"
"TUNAL","2017-08-03","","20.95454545"
"TUNAL","2017-08-02","","22.08333333"
"TUNAL","2017-08-01","","26.125"
"TUNAL","2017-07-31","","13.61904762"
"TUNAL","2017-07-30","","8.26086957"
"TUNAL","2017-07-29","","11.73913043"
"TUNAL","2017-07-28","","9.7826087"
"TUNAL","2017-07-27","","15.72727273"
"TUNAL","2017-07-26","","6.86363636"
"TUNAL","2017-07-25","","8.0"
"TUNAL","2017-07-24","","6.95833333"
"TUNAL","2017-07-23","","4.9"
"TUNAL","2017-07-22","","7.64705882"
"TUNAL","2017-07-21","","12.42105263"
"TUNAL","2017-07-20","","7.9"
"TUNAL","2017-07-19","","8.70833333"
"TUNAL","2017-07-18","","10.86363636"
"TUNAL","2017-07-17","","12.82608696"
"TUNAL","2017-07-16","","23.45454545"
"TUNAL","2017-07-15","","33.45833333"
"TUNAL","2017-07-14","","23.91666667"
"TUNAL","2017-07-13","","10.90909091"
"TUNAL","2017-07-12","","13.5"
"TUNAL","2017-07-11","","10.0"
"TUNAL","2017-07-10","","9.16666667"
"TUNAL","2017-07-09","","6.76190476"
"TUNAL","2017-07-08","","11.26086957"
"TUNAL","2017-07-07","","11.5"
"TUNAL","2017-07-06","","9.7826087"
"TUNAL","2017-07-05","","14.04166667"
"TUNAL","2017-07-04","","10.125"
"TUNAL","2017-07-03","","6.9047619"
"TUNAL","2017-07-02","","5.2"
"TUNAL","2017-07-01","","7.56521739"
"TUNAL","2017-06-30","","10.2"
"TUNAL","2017-06-29","","20.56521739"
"TUNAL","2017-06-28","","23.73913043"
"TUNAL","2017-06-27","","22.42857143"
"TUNAL","2017-06-26","","12.52380952"
"TUNAL","2017-06-25","","5.19047619"
"TUNAL","2017-06-24","","16.18181818"
"TUNAL","2017-06-23","","22.91304348"
"TUNAL","2017-06-22","","17.95454545"
"TUNAL","2017-06-21","","6.38888889"
"TUNAL","2017-06-20","","11.58823529"
"TUNAL","2017-06-19","","15.42857143"
"TUNAL","2017-06-18","","38.91666667"
"TUNAL","2017-06-17","","36.25"
"TUNAL","2017-06-16","","12.68181818"
"TUNAL","2017-06-15","","11.16666667"
"TUNAL","2017-06-14","","9.71428571"
"TUNAL","2017-06-13","","19.40909091"
"TUNAL","2017-06-12","","28.2173913"
"TUNAL","2017-06-11","","21.08695652"
"TUNAL","2017-06-10","","11.52380952"
"TUNAL","2017-06-09","","46.63636364"
"TUNAL","2017-06-08","","47.58333333"
"TUNAL","2017-06-07","","25.5"
"TUNAL","2017-06-06","","22.04545455"
"TUNAL","2017-06-05","","9.36363636"
"TUNAL","2017-06-04","","6.3"
"TUNAL","2017-06-03","","10.29166667"
"TUNAL","2017-06-02","","11.26086957"
"TUNAL","2017-06-01","","12.36363636"
"TUNAL","2017-05-31","","12.31578947"
"TUNAL","2017-05-30","","12.52173913"
"TUNAL","2017-05-29","","8.68421053"
"TUNAL","2017-05-28","","8.65"
"TUNAL","2017-05-27","","15.2"
"TUNAL","2017-05-26","","20.54545455"
"TUNAL","2017-05-25","","10.95"
"TUNAL","2017-05-24","","13.57894737"
"TUNAL","2017-05-23","","21.25"
"TUNAL","2017-05-22","","24.16666667"
"TUNAL","2017-05-21","","20.65217391"
"TUNAL","2017-05-20","","13.26086957"
"TUNAL","2017-05-19","","18.43478261"
"TUNAL","2017-05-18","","17.34782609"
"TUNAL","2017-05-17","","32.85714286"
"TUNAL","2017-05-16","","21.95"
"TUNAL","2017-05-15","","30.19047619"
"TUNAL","2017-05-14","","16.21052632"
"TUNAL","2017-05-13","","29.95652174"
"TUNAL","2017-05-12","","33.0"
"TUNAL","2017-05-11","","40.91666667"
"TUNAL","2017-05-10","","27.54545455"
"TUNAL","2017-05-09","","39.65217391"
"TUNAL","2017-05-08","","32.95238095"
"TUNAL","2017-05-07","","27.58333333"
"TUNAL","2017-05-06","","21.38095238"
"TUNAL","2017-05-05","","22.81818182"
"TUNAL","2017-05-04","","23.625"
"TUNAL","2017-05-03","","33.23809524"
"TUNAL","2017-05-02","","20.04347826"
"TUNAL","2017-05-01","","10.55"
"TUNAL","2017-04-30","","8.04761905"
"TUNAL","2017-04-29","","12.13043478"
"TUNAL","2017-04-28","","17.43478261"
"TUNAL","2017-04-27","","21.125"
"TUNAL","2017-04-26","","19.54545455"
"TUNAL","2017-04-25","","23.75"
"TUNAL","2017-04-24","","13.82608696"
"TUNAL","2017-04-23","","13.08695652"
"TUNAL","2017-04-22","","30.54166667"
"TUNAL","2017-04-21","","26.70833333"
"TUNAL","2017-04-20","","46.91666667"
"TUNAL","2017-04-19","","28.35"
"TUNAL","2017-04-18","","17.79166667"
"TUNAL","2017-04-17","","10.95"
"TUNAL","2017-04-16","","6.625"
"TUNAL","2017-04-15","","9.125"
"TUNAL","2017-04-14","","7.83333333"
"TUNAL","2017-04-13","","7.57894737"
"TUNAL","2017-04-12","","27.875"
"TUNAL","2017-04-11","","35.0"
"TUNAL","2017-04-10","","42.5"
"TUNAL","2017-04-09","","28.70833333"
"TUNAL","2017-04-08","","36.69565217"
"TUNAL","2017-04-07","","51.25"
"TUNAL","2017-04-06","","25.5"
"TUNAL","2017-04-05","","25.29166667"
"TUNAL","2017-04-04","","23.29166667"
"TUNAL","2017-04-03","","18.875"
"TUNAL","2017-04-01","","14.79166667"
"TUNAL","2017-03-31","","21.86363636"
"TUNAL","2017-03-30","","36.125"
"TUNAL","2017-03-29","","21.0"
"TUNAL","2017-03-28","","39.875"
"TUNAL","2017-03-27","","33.33333333"
"TUNAL","2017-03-26","","23.54166667"
"TUNAL","2017-03-25","","40.95833333"
"TUNAL","2017-03-24","","31.26086957"
"TUNAL","2017-03-23","","40.52173913"
"TUNAL","2017-03-22","","32.71428571"
"TUNAL","2017-03-21","","43.0"
"TUNAL","2017-03-20","","43.25"
"TUNAL","2017-03-19","","36.66666667"
"TUNAL","2017-03-18","","35.75"
"TUNAL","2017-03-17","","33.33333333"
"TUNAL","2017-03-16","","26.08333333"
"TUNAL","2017-03-15","","28.26086957"
"TUNAL","2017-03-14","","20.20833333"
"TUNAL","2017-03-13","","27.33333333"
"TUNAL","2017-03-12","","25.41666667"
"TUNAL","2017-03-11","","22.30434783"
"TUNAL","2017-03-10","","16.04761905"
"TUNAL","2017-03-09","","13.56521739"
"TUNAL","2017-03-08","","26.16666667"
"TUNAL","2017-03-07","","33.09090909"
"TUNAL","2017-03-06","","18.68181818"
"TUNAL","2017-03-05","","13.71428571"
"TUNAL","2017-03-04","","19.86956522"
"TUNAL","2017-03-03","","12.95454545"
"TUNAL","2017-03-02","","24.19047619"
"TUNAL","2017-03-01","","41.25"
"TUNAL","2017-02-28","","37.25"
"TUNAL","2017-02-27","","32.91666667"
"TUNAL","2017-02-26","","26.70833333"
"TUNAL","2017-02-25","","44.375"
"TUNAL","2017-02-24","","43.25"
"TUNAL","2017-02-23","","33.375"
"TUNAL","2017-02-22","","32.625"
"TUNAL","2017-02-21","","42.16666667"
"TUNAL","2017-02-20","","38.875"
"TUNAL","2017-02-19","","31.58333333"
"TUNAL","2017-02-18","","33.08333333"
"TUNAL","2017-02-17","","24.91666667"
"TUNAL","2017-02-16","","37.625"
"TUNAL","2017-02-15","","31.83333333"
"TUNAL","2017-02-14","","25.91666667"
"TUNAL","2017-02-13","","22.08333333"
"TUNAL","2017-02-12","","24.04166667"
"TUNAL","2017-02-11","","42.45833333"
"TUNAL","2017-02-10","","36.20833333"
"TUNAL","2017-02-09","","31.83333333"
"TUNAL","2017-02-08","","25.0"
"TUNAL","2017-02-07","","18.125"
"TUNAL","2017-02-06","","21.20833333"
"TUNAL","2017-02-05","","16.43478261"
"TUNAL","2017-02-04","","17.5"
"TUNAL","2017-02-03","","17.54166667"
"TUNAL","2017-02-02","","19.16666667"
"TUNAL","2017-02-01","","26.16666667"
"TUNAL","2017-01-31","","37.30769231"
"TUNAL","2017-01-30","","20.75"
"TUNAL","2017-01-29","","9.79166667"
"TUNAL","2017-01-28","","19.375"
"TUNAL","2017-01-27","","13.5"
"TUNAL","2017-01-26","","12.04347826"
"TUNAL","2017-01-25","","18.7826087"
"TUNAL","2017-01-24","","41.83333333"
"TUNAL","2017-01-23","","27.16666667"
"TUNAL","2017-01-22","","26.33333333"
"TUNAL","2017-01-21","","23.66666667"
"TUNAL","2017-01-20","","37.70833333"
"TUNAL","2017-01-19","","29.83333333"
"TUNAL","2017-01-18","","34.30434783"
"TUNAL","2017-01-17","","19.58333333"
"TUNAL","2017-01-16","","16.20833333"
"TUNAL","2017-01-15","","37.17391304"
"TUNAL","2017-01-14","","35.33333333"
"TUNAL","2017-01-13","","23.25"
"TUNAL","2017-01-12","","23.80952381"
"TUNAL","2017-01-11","","27.86666667"
"TUNAL","2017-01-10","","31.41176471"
"TUNAL","2017-01-09","","20.57142857"
"TUNAL","2017-01-08","","14.77272727"
"TUNAL","2017-01-07","","11.0"
"TUNAL","2017-01-06","","9.60869565"
"TUNAL","2017-01-05","","21.79166667"
"TUNAL","2017-01-04","","18.91666667"
"TUNAL","2017-01-03","","13.16666667"
"TUNAL","2017-01-02","","26.16666667"
"TUNAL","2017-01-01","","13.45454545"
"TUNAL","2016-12-31","","14.04545455"
"TUNAL","2016-12-30","","15.73913043"
"TUNAL","2016-12-29","","23.95652174"
"TUNAL","2016-12-28","","18.9047619"
"TUNAL","2016-12-27","","27.76190476"
"TUNAL","2016-12-26","","32.75"
"TUNAL","2016-12-25","","61.36363636"
"TUNAL","2016-12-24","","24.45454545"
"TUNAL","2016-12-23","","45.58333333"
"TUNAL","2016-12-22","","37.5"
"TUNAL","2016-12-21","","35.875"
"TUNAL","2016-12-20","","28.08333333"
"TUNAL","2016-12-19","","45.125"
"TUNAL","2016-12-18","","15.875"
"TUNAL","2016-12-17","","30.30434783"
"TUNAL","2016-12-16","","33.66666667"
"TUNAL","2016-12-15","","22.79166667"
"TUNAL","2016-12-14","","40.36363636"
"TUNAL","2016-12-13","","28.26086957"
"TUNAL","2016-12-12","","17.625"
"TUNAL","2016-12-11","","13.875"
"TUNAL","2016-12-10","","14.54166667"
"TUNAL","2016-12-09","","32.29166667"
"TUNAL","2016-12-08","","47.22727273"
"TUNAL","2016-12-07","","14.65217391"
"TUNAL","2016-12-06","","18.54166667"
"TUNAL","2016-12-05","","15.875"
"TUNAL","2016-12-04","","12.04545455"
"TUNAL","2016-12-03","","21.7826087"
"TUNAL","2016-12-02","","33.83333333"
"TUNAL","2016-12-01","","31.41666667"
"TUNAL","2016-11-30","","21.66666667"
"TUNAL","2016-11-29","","30.33333333"
"TUNAL","2016-11-28","","43.68181818"
"TUNAL","2016-11-27","","39.9047619"
"TUNAL","2016-11-26","","45.95833333"
"TUNAL","2016-11-25","","46.40909091"
"TUNAL","2016-11-24","","43.04347826"
"TUNAL","2016-11-23","","26.875"
"TUNAL","2016-11-22","","42.08333333"
"TUNAL","2016-11-21","","33.86956522"
"TUNAL","2016-11-20","","20.54166667"
"TUNAL","2016-11-19","","39.73913043"
"TUNAL","2016-11-18","","28.81818182"
"TUNAL","2016-11-17","","30.125"
"TUNAL","2016-11-16","","21.125"
"TUNAL","2016-11-15","","19.7826087"
"TUNAL","2016-11-14","","19.08695652"
"TUNAL","2016-11-13","","27.04166667"
"TUNAL","2016-11-12","","43.45833333"
"TUNAL","2016-11-11","","21.0"
"TUNAL","2016-11-10","","42.47619048"
"TUNAL","2016-11-09","","37.75"
"TUNAL","2016-11-08","","41.875"
"TUNAL","2016-11-07","","22.08333333"
"TUNAL","2016-11-06","","12.65217391"
"TUNAL","2016-11-05","","9.3"
"TUNAL","2016-11-04","","11.54545455"
"TUNAL","2016-11-03","","35.43478261"
"TUNAL","2016-11-02","","28.875"
"TUNAL","2016-11-01","","30.08333333"
"TUNAL","2016-10-31","","36.91666667"
"TUNAL","2016-10-30","","12.875"
"TUNAL","2016-10-29","","18.875"
"TUNAL","2016-10-28","","37.86363636"
"TUNAL","2016-10-27","","44.08333333"
"TUNAL","2016-10-26","","37.875"
"TUNAL","2016-10-25","","32.79166667"
"TUNAL","2016-10-24","","30.04166667"
"TUNAL","2016-10-23","","19.30434783"
"TUNAL","2016-10-22","","27.17391304"
"TUNAL","2016-10-21","","30.5"
"TUNAL","2016-10-20","","17.875"
"TUNAL","2016-10-19","","21.33333333"
"TUNAL","2016-10-18","","11.34782609"
"TUNAL","2016-10-17","","10.29166667"
"TUNAL","2016-10-16","","8.7826087"
"TUNAL","2016-10-15","","8.54545455"
"TUNAL","2016-10-14","","17.38095238"
"TUNAL","2016-10-13","","27.65217391"
"TUNAL","2016-10-12","","23.83333333"
"TUNAL","2016-10-11","","18.45833333"
"TUNAL","2016-10-10","","12.28571429"
"TUNAL","2016-10-09","","14.60869565"
"TUNAL","2016-10-08","","35.73913043"
"TUNAL","2016-10-07","","36.86956522"
"TUNAL","2016-10-06","","25.60869565"
"TUNAL","2016-10-05","","31.26086957"
"TUNAL","2016-10-04","","28.66666667"
"TUNAL","2016-10-03","","19.36363636"
"TUNAL","2016-10-02","","18.91304348"
"TUNAL","2016-10-01","","25.36363636"
"TUNAL","2016-09-30","","40.16666667"
"TUNAL","2016-09-29","","39.82608696"
"TUNAL","2016-09-28","","18.625"
"TUNAL","2016-09-27","","14.82608696"
"TUNAL","2016-09-26","","17.04347826"
"TUNAL","2016-09-25","","9.7826087"
"TUNAL","2016-09-24","","9.31818182"
"TUNAL","2016-09-23","","14.95833333"
"TUNAL","2016-09-22","","15.125"
"TUNAL","2016-09-21","","13.04166667"
"TUNAL","2016-09-20","","10.77272727"
"TUNAL","2016-09-19","","9.52380952"
"TUNAL","2016-09-18","","11.73913043"
"TUNAL","2016-09-17","","17.25"
"TUNAL","2016-09-16","","21.95454545"
"TUNAL","2016-09-15","","12.7826087"
"TUNAL","2016-09-14","","29.95833333"
"TUNAL","2016-09-13","","35.60869565"
"TUNAL","2016-09-12","","23.91304348"
"TUNAL","2016-09-11","","9.45454545"
"TUNAL","2016-09-10","","9.82608696"
"TUNAL","2016-09-09","","11.17391304"
"TUNAL","2016-09-08","","19.3"
"TUNAL","2016-09-07","","11.52173913"
"TUNAL","2016-09-06","","9.13043478"
"TUNAL","2016-09-05","","11.68181818"
"TUNAL","2016-09-04","","10.70833333"
"TUNAL","2016-09-03","","13.58333333"
"TUNAL","2016-09-02","","20.95652174"
"TUNAL","2016-09-01","","12.79166667"
"TUNAL","2016-08-31","","22.18181818"
"TUNAL","2016-08-30","","11.39130435"
"TUNAL","2016-08-29","","17.08333333"
"TUNAL","2016-08-28","","12.625"
"TUNAL","2016-08-27","","16.60869565"
"TUNAL","2016-08-26","","10.08695652"
"TUNAL","2016-08-25","","12.58333333"
"TUNAL","2016-08-24","","23.08333333"
"TUNAL","2016-08-23","","17.82608696"
"TUNAL","2016-08-22","","10.41666667"
"TUNAL","2016-08-21","","11.83333333"
"TUNAL","2016-08-20","","19.91666667"
"TUNAL","2016-08-19","","21.16666667"
"TUNAL","2016-08-18","","16.68181818"
"TUNAL","2016-08-17","","14.66666667"
"TUNAL","2016-08-16","","10.82608696"
"TUNAL","2016-08-15","","8.54545455"
"TUNAL","2016-08-14","","8.875"
"TUNAL","2016-08-13","","8.91666667"
"TUNAL","2016-08-12","","22.79166667"
"TUNAL","2016-08-11","","11.5"
"TUNAL","2016-08-10","","11.08695652"
"TUNAL","2016-08-09","","10.04166667"
"TUNAL","2016-08-08","","16.29166667"
"TUNAL","2016-08-07","","10.0"
"TUNAL","2016-08-06","","11.0"
"TUNAL","2016-08-05","","20.2173913"
"TUNAL","2016-08-04","","9.58333333"
"TUNAL","2016-08-03","","8.43478261"
"TUNAL","2016-08-02","","9.7826087"
"TUNAL","2016-08-01","","9.2173913"
"TUNAL","2016-07-31","","7.5"
"TUNAL","2016-07-30","","12.95833333"
"TUNAL","2016-07-29","","9.26086957"
"TUNAL","2016-07-28","","9.26086957"
"TUNAL","2016-07-27","","11.76190476"
"TUNAL","2016-07-26","","11.16666667"
"TUNAL","2016-07-25","","9.45833333"
"TUNAL","2016-07-24","","16.40909091"
"TUNAL","2016-07-23","","16.41666667"
"TUNAL","2016-07-22","","12.90909091"
"TUNAL","2016-07-21","","7.54545455"
"TUNAL","2016-07-20","","10.73913043"
"TUNAL","2016-07-19","","12.125"
"TUNAL","2016-07-18","","12.63636364"
"TUNAL","2016-07-17","","7.45"
"TUNAL","2016-07-16","","20.30434783"
"TUNAL","2016-07-15","","16.33333333"
"TUNAL","2016-07-14","","12.40909091"
"TUNAL","2016-07-13","","9.72727273"
"TUNAL","2016-07-12","","16.875"
"TUNAL","2016-07-11","","12.04545455"
"TUNAL","2016-07-10","","6.81818182"
"TUNAL","2016-07-09","","10.04347826"
"TUNAL","2016-07-08","","9.89473684"
"TUNAL","2016-07-07","","8.04347826"
"TUNAL","2016-07-06","","19.30434783"
"TUNAL","2016-07-05","","10.5"
"TUNAL","2016-07-04","","8.13636364"
"TUNAL","2016-07-03","","11.9"
"TUNAL","2016-07-02","","8.31578947"
"TUNAL","2016-07-01","","7.8"
"TUNAL","2016-06-30","","7.04545455"
"TUNAL","2016-06-29","","10.56521739"
"TUNAL","2016-06-28","","10.95652174"
"TUNAL","2016-06-27","","10.22727273"
"TUNAL","2016-06-26","","7.15"
"TUNAL","2016-06-25","","9.86956522"
"TUNAL","2016-06-24","","9.0952381"
"TUNAL","2016-06-23","","11.77272727"
"TUNAL","2016-06-22","","8.61904762"
"TUNAL","2016-06-21","","8.34782609"
"TUNAL","2016-06-20","","7.85714286"
"TUNAL","2016-06-19","","8.61904762"
"TUNAL","2016-06-18","","13.43478261"
"TUNAL","2016-06-17","","10.45833333"
"TUNAL","2016-06-16","","10.16666667"
"TUNAL","2016-06-15","","8.69565217"
"TUNAL","2016-06-14","","13.77272727"
"TUNAL","2016-06-13","","13.75"
"TUNAL","2016-06-12","","11.0"
"TUNAL","2016-06-11","","12.86956522"
"TUNAL","2016-06-10","","12.40909091"
"TUNAL","2016-06-09","","15.31818182"
"TUNAL","2016-06-08","","13.2173913"
"TUNAL","2016-06-07","","22.125"
"TUNAL","2016-06-06","","16.34782609"
"TUNAL","2016-06-05","","18.0"
"TUNAL","2016-06-04","","27.86956522"
"TUNAL","2016-06-03","","15.08333333"
"TUNAL","2016-06-02","","12.0"
"TUNAL","2016-06-01","","10.79166667"
"TUNAL","2016-05-31","","22.50434783"
"TUNAL","2016-05-30","","19.05652174"
"TUNAL","2016-05-29","","12.34347826"
"TUNAL","2016-05-28","","13.10416667"
"TUNAL","2016-05-27","","24.45"
"TUNAL","2016-05-26","","32.80454545"
"TUNAL","2016-05-25","","17.01304348"
"TUNAL","2016-05-24","","11.35"
"TUNAL","2016-05-23","","10.84545455"
"TUNAL","2016-05-22","","6.375"
"TUNAL","2016-05-21","","10.07916667"
"TUNAL","2016-05-20","","9.09166667"
"TUNAL","2016-05-19","","12.85217391"
"TUNAL","2016-05-18","","15.67826087"
"TUNAL","2016-05-17","","18.2047619"
"TUNAL","2016-05-16","","14.60434783"
"TUNAL","2016-05-15","","6.62173913"
"TUNAL","2016-05-14","","9.65"
"TUNAL","2016-05-13","","29.62272727"
"TUNAL","2016-05-12","","15.51904762"
"TUNAL","2016-05-11","","22.0375"
"TUNAL","2016-05-10","","22.91304348"
"TUNAL","2016-05-09","","7.0"
"TUNAL","2016-05-08","","16.62173913"
"TUNAL","2016-05-07","","16.15652174"
"TUNAL","2016-05-06","","14.6047619"
"TUNAL","2016-05-05","","16.56666667"
"TUNAL","2016-05-04","","36.11666667"
"TUNAL","2016-05-03","","21.89473684"
"TUNAL","2016-05-02","","15.7"
"TUNAL","2016-04-30","","12.56666667"
"TUNAL","2016-04-29","","13.2"
"TUNAL","2016-04-28","","9.275"
"TUNAL","2016-04-27","","49.5"
"TUNAL","2016-04-26","","36.96470588"
"TUNAL","2016-04-25","","42.65217391"
"TUNAL","2016-04-24","","23.51818182"
"TUNAL","2016-04-23","","14.48636364"
"TUNAL","2016-04-22","","10.27142857"
"TUNAL","2016-04-21","","11.10434783"
"TUNAL","2016-04-20","","13.46666667"
"TUNAL","2016-04-19","","21.29090909"
"TUNAL","2016-04-18","","10.33913043"
"TUNAL","2016-04-17","","8.50434783"
"TUNAL","2016-04-16","","18.37083333"
"TUNAL","2016-04-15","","20.72083333"
"TUNAL","2016-04-14","","43.7125"
"TUNAL","2016-04-13","","37.6375"
"TUNAL","2016-04-12","","34.75416667"
"TUNAL","2016-04-11","","31.44583333"
"TUNAL","2016-04-10","","20.87083333"
"TUNAL","2016-04-09","","16.05833333"
"TUNAL","2016-04-08","","17.71666667"
"TUNAL","2016-04-07","","15.56521739"
"TUNAL","2016-04-06","","24.85416667"
"TUNAL","2016-04-05","","37.4"
"TUNAL","2016-04-04","","35.475"
"TUNAL","2016-04-03","","34.6125"
"TUNAL","2016-04-02","","29.44782609"
"TUNAL","2016-04-01","","41.9625"
"TUNAL","2016-03-31","","25.58333333"
"TUNAL","2016-03-30","","27.37083333"
"TUNAL","2016-03-29","","45.125"
"TUNAL","2016-03-28","","45.85"
"TUNAL","2016-03-27","","29.7875"
"TUNAL","2016-03-26","","23.81666667"
"TUNAL","2016-03-25","","19.58333333"
"TUNAL","2016-03-24","","21.8625"
"TUNAL","2016-03-23","","36.03478261"
"TUNAL","2016-03-22","","31.9125"
"TUNAL","2016-03-21","","17.875"
"TUNAL","2016-03-20","","15.55416667"
"TUNAL","2016-03-19","","16.8173913"
"TUNAL","2016-03-18","","13.98571429"
"TUNAL","2016-03-17","","22.2"
"TUNAL","2016-03-16","","20.07647059"
"TUNAL","2016-03-15","","35.61666667"
"TUNAL","2016-03-14","","46.79166667"
"TUNAL","2016-03-13","","42.55"
"TUNAL","2016-03-12","","52.25"
"TUNAL","2016-03-11","","55.48333333"
"TUNAL","2016-03-10","","54.32916667"
"TUNAL","2016-03-09","","47.97692308"
"TUNAL","2016-03-08","","53.20416667"
"TUNAL","2016-03-07","","59.58333333"
"TUNAL","2016-03-06","","44.59166667"
"TUNAL","2016-03-05","","48.82083333"
"TUNAL","2016-03-04","","44.74166667"
"TUNAL","2016-03-03","","35.07916667"
"TUNAL","2016-03-02","","40.31666667"
"TUNAL","2016-03-01","","40.66666667"
"TUNAL","2016-02-29","","34.13913043"
"TUNAL","2016-02-28","","22.04583333"
"TUNAL","2016-02-27","","35.82173913"
"TUNAL","2016-02-26","","47.55714286"
"TUNAL","2016-02-25","","50.9"
"TUNAL","2016-02-24","","30.00434783"
"TUNAL","2016-02-23","","28.86521739"
"TUNAL","2016-02-22","","23.09166667"
"TUNAL","2016-02-21","","19.39565217"
"TUNAL","2016-02-20","","20.76521739"
"TUNAL","2016-02-19","","22.26666667"
"TUNAL","2016-02-18","","32.675"
"TUNAL","2016-02-17","","32.00416667"
"TUNAL","2016-02-16","","16.175"
"TUNAL","2016-02-15","","21.44347826"
"TUNAL","2016-02-14","","16.9875"
"TUNAL","2016-02-13","","22.45833333"
"TUNAL","2016-02-12","","17.47083333"
"TUNAL","2016-02-11","","18.40416667"
"TUNAL","2016-02-10","","22.03043478"
"TUNAL","2016-02-09","","23.56521739"
"TUNAL","2016-02-08","","19.73478261"
"TUNAL","2016-02-07","","18.075"
"TUNAL","2016-02-06","","26.28333333"
"TUNAL","2016-02-05","","43.42083333"
"TUNAL","2016-02-04","","44.925"
"TUNAL","2016-02-03","","53.25"
"TUNAL","2016-02-02","","38.7"
"TUNAL","2016-02-01","","24.17083333"
"TUNAL","2016-01-31","","39.05"
"TUNAL","2016-01-30","","58.275"
"TUNAL","2016-01-29","","46.67083333"
"TUNAL","2016-01-28","","32.56086957"
"TUNAL","2016-01-27","","29.25"
"TUNAL","2016-01-26","","48.44583333"
"TUNAL","2016-01-25","","41.0875"
"TUNAL","2016-01-24","","29.67916667"
"TUNAL","2016-01-23","","44.65416667"
"TUNAL","2016-01-22","","43.02916667"
"TUNAL","2016-01-21","","54.42083333"
"TUNAL","2016-01-20","","41.47083333"
"TUNAL","2016-01-19","","48.6"
"TUNAL","2016-01-18","","44.70833333"
"TUNAL","2016-01-17","","39.45454545"
"TUNAL","2016-01-16","","34.95652174"
"TUNAL","2016-01-15","","43.08695652"
"TUNAL","2016-01-14","","43.29166667"
"TUNAL","2016-01-13","","43.60869565"
"TUNAL","2016-01-12","","47.30434783"
"TUNAL","2016-01-11","","36.60869565"
"TUNAL","2016-01-10","","30.72727273"
"TUNAL","2016-01-09","","44.95652174"
"TUNAL","2016-01-08","","48.875"
"TUNAL","2016-01-07","","55.95652174"
"TUNAL","2016-01-06","","33.54545455"
"TUNAL","2016-01-05","","31.83333333"
"TUNAL","2016-01-04","","23.26086957"
"TUNAL","2016-01-03","","15.43478261"
"TUNAL","2016-01-02","","13.5"
"TUNAL","2016-01-01","","11.3"
"TUNAL","2015-12-31","","13.39130435"
"TUNAL","2015-12-30","","11.29166667"
"TUNAL","2015-12-29","","15.5"
"TUNAL","2015-12-28","","16.58333333"
"TUNAL","2015-12-27","","12.125"
"TUNAL","2015-12-26","","13.08333333"
"TUNAL","2015-12-25","","25.08695652"
"TUNAL","2015-12-24","","20.41666667"
"TUNAL","2015-12-23","","24.66666667"
"TUNAL","2015-12-22","","16.75"
"TUNAL","2015-12-21","","15.83333333"
"TUNAL","2015-12-20","","14.75"
"TUNAL","2015-12-19","","14.95833333"
"TUNAL","2015-12-18","","23.95833333"
"TUNAL","2015-12-17","","17.625"
"TUNAL","2015-12-16","","20.66666667"
"TUNAL","2015-12-15","","27.5"
"TUNAL","2015-12-14","","27.04166667"
"TUNAL","2015-12-13","","16.375"
"TUNAL","2015-12-12","","24.08333333"
"TUNAL","2015-12-11","","17.58333333"
"TUNAL","2015-12-10","","15.79166667"
"TUNAL","2015-12-09","","21.58333333"
"TUNAL","2015-12-08","","24.79166667"
"TUNAL","2015-12-07","","26.2173913"
"TUNAL","2015-12-06","","14.79166667"
"TUNAL","2015-12-05","","26.04166667"
"TUNAL","2015-12-04","","24.2173913"
"TUNAL","2015-12-03","","31.375"
"TUNAL","2015-12-02","","21.375"
"TUNAL","2015-12-01","","20.91666667"
"TUNAL","2015-11-30","","18.25"
"TUNAL","2015-11-29","","23.70833333"
"TUNAL","2015-11-28","","35.83333333"
"TUNAL","2015-11-27","","24.79166667"
"TUNAL","2015-11-26","","30.45833333"
"TUNAL","2015-11-25","","24.29166667"
"TUNAL","2015-11-24","","34.95652174"
"TUNAL","2015-11-23","","31.91666667"
"TUNAL","2015-11-22","","17.29166667"
"TUNAL","2015-11-21","","31.20833333"
"TUNAL","2015-11-20","","50.25"
"TUNAL","2015-11-19","","39.33333333"
"TUNAL","2015-11-18","","23.33333333"
"TUNAL","2015-11-17","","11.56521739"
"TUNAL","2015-11-16","","12.41666667"
"TUNAL","2015-11-15","","13.83333333"
"TUNAL","2015-11-14","","12.0"
"TUNAL","2015-11-13","","20.83333333"
"TUNAL","2015-11-12","","19.375"
"TUNAL","2015-11-11","","15.33333333"
"TUNAL","2015-11-10","","19.81818182"
"TUNAL","2015-11-09","","17.86956522"
"TUNAL","2015-11-08","","10.75"
"TUNAL","2015-11-07","","23.25"
"TUNAL","2015-11-06","","45.54166667"
"TUNAL","2015-11-05","","28.54166667"
"TUNAL","2015-11-04","","30.16666667"
"TUNAL","2015-11-03","","36.04166667"
"TUNAL","2015-11-02","","24.20833333"
"TUNAL","2015-11-01","","25.66666667"
"TUNAL","2015-10-31","","45.75"
"TUNAL","2015-10-30","","30.79166667"
"TUNAL","2015-10-29","","17.25"
"TUNAL","2015-10-28","","18.91666667"
"TUNAL","2015-10-27","","15.60869565"
"TUNAL","2015-10-26","","18.25"
"TUNAL","2015-10-25","","23.25"
"TUNAL","2015-10-24","","20.95833333"
"TUNAL","2015-10-23","","18.25"
"TUNAL","2015-10-22","","33.58333333"
"TUNAL","2015-10-21","","23.375"
"TUNAL","2015-10-20","","21.33333333"
"TUNAL","2015-10-19","","23.08695652"
"TUNAL","2015-10-18","","15.25"
"TUNAL","2015-10-17","","17.58333333"
"TUNAL","2015-10-16","","12.79166667"
"TUNAL","2015-10-15","","15.7826087"
"TUNAL","2015-10-14","","36.625"
"TUNAL","2015-10-13","","24.04347826"
"TUNAL","2015-10-12","","20.08333333"
"TUNAL","2015-10-11","","21.43478261"
"TUNAL","2015-10-10","","23.41666667"
"TUNAL","2015-10-09","","21.95833333"
"TUNAL","2015-10-08","","18.375"
"TUNAL","2015-10-07","","25.79166667"
"TUNAL","2015-10-06","","25.20833333"
"TUNAL","2015-10-05","","15.54166667"
"TUNAL","2015-10-04","","14.5"
"TUNAL","2015-10-03","","14.29166667"
"TUNAL","2015-10-02","","31.41666667"
"TUNAL","2015-10-01","","28.83333333"
"TUNAL","2015-09-30","","24.875"
"TUNAL","2015-09-29","","23.91666667"
"TUNAL","2015-09-28","","17.13043478"
"TUNAL","2015-09-27","","18.58333333"
"TUNAL","2015-09-26","","16.04166667"
"TUNAL","2015-09-25","","22.25"
"TUNAL","2015-09-24","","16.375"
"TUNAL","2015-09-23","","14.20833333"
"TUNAL","2015-09-22","","14.25"
"TUNAL","2015-09-21","","12.79166667"
"TUNAL","2015-09-20","","9.70833333"
"TUNAL","2015-09-19","","14.41666667"
"TUNAL","2015-09-18","","14.25"
"TUNAL","2015-09-17","","50.86956522"
"TUNAL","2015-09-16","","23.7826087"
"TUNAL","2015-09-15","","25.54166667"
"TUNAL","2015-09-14","","17.58333333"
"TUNAL","2015-09-13","","17.375"
"TUNAL","2015-09-12","","18.79166667"
"TUNAL","2015-09-11","","17.91666667"
"TUNAL","2015-09-10","","17.08333333"
"TUNAL","2015-09-09","","18.79166667"
"TUNAL","2015-09-08","","24.54166667"
"TUNAL","2015-09-07","","17.18181818"
"TUNAL","2015-09-06","","13.83333333"
"TUNAL","2015-09-05","","24.625"
"TUNAL","2015-09-04","","21.29166667"
"TUNAL","2015-09-03","","15.75"
"TUNAL","2015-09-02","","26.65217391"
"TUNAL","2015-09-01","","14.0"
"TUNAL","2015-08-31","","12.0"
"TUNAL","2015-08-30","","13.70833333"
"TUNAL","2015-08-29","","14.08333333"
"TUNAL","2015-08-28","","12.625"
"TUNAL","2015-08-27","","27.95833333"
"TUNAL","2015-08-26","","24.91666667"
"TUNAL","2015-08-25","","19.58333333"
"TUNAL","2015-08-24","","15.25"
"TUNAL","2015-08-23","","20.04166667"
"TUNAL","2015-08-22","","25.54166667"
"TUNAL","2015-08-21","","22.75"
"TUNAL","2015-08-20","","9.83333333"
"TUNAL","2015-08-19","","12.63636364"
"TUNAL","2015-08-18","","13.79166667"
"TUNAL","2015-08-17","","11.33333333"
"TUNAL","2015-08-16","","14.125"
"TUNAL","2015-08-15","","17.625"
"TUNAL","2015-08-14","","16.33333333"
"TUNAL","2015-08-13","","13.69565217"
"TUNAL","2015-08-12","","12.95833333"
"TUNAL","2015-08-11","","14.25"
"TUNAL","2015-08-10","","18.04166667"
"TUNAL","2015-08-09","","14.25"
"TUNAL","2015-08-08","","14.625"
"TUNAL","2015-08-07","","12.625"
"TUNAL","2015-08-06","","14.54166667"
"TUNAL","2015-08-05","","14.45833333"
"TUNAL","2015-08-04","","12.41666667"
"TUNAL","2015-08-03","","11.20833333"
"TUNAL","2015-08-02","","10.5"
"TUNAL","2015-08-01","","18.70833333"
"TUNAL","2015-07-31","","12.70833333"
"TUNAL","2015-07-30","","14.70833333"
"TUNAL","2015-07-29","","11.29166667"
"TUNAL","2015-07-28","","13.9047619"
"TUNAL","2015-07-27","","10.19047619"
"TUNAL","2015-07-26","","8.47368421"
"TUNAL","2015-07-25","","12.5"
"TUNAL","2015-07-24","","13.77272727"
"TUNAL","2015-07-23","","11.61904762"
"TUNAL","2015-07-22","","10.7826087"
"TUNAL","2015-07-21","","20.75"
"TUNAL","2015-07-20","","12.2"
"TUNAL","2015-07-19","","22.42857143"
"TUNAL","2015-07-18","","13.0952381"
"TUNAL","2015-07-17","","14.04761905"
"TUNAL","2015-07-16","","17.26086957"
"TUNAL","2015-07-15","","10.57894737"
"TUNAL","2015-07-14","","23.30434783"
"TUNAL","2015-07-13","","21.73913043"
"TUNAL","2015-07-12","","11.76190476"
"TUNAL","2015-07-11","","12.95"
"TUNAL","2015-07-10","","16.7"
"TUNAL","2015-07-09","","22.20833333"
"TUNAL","2015-07-08","","16.9"
"TUNAL","2015-07-07","","15.57142857"
"TUNAL","2015-07-06","","11.04761905"
"TUNAL","2015-07-05","","12.80952381"
"TUNAL","2015-07-04","","11.77777778"
"TUNAL","2015-07-03","","15.79166667"
"TUNAL","2015-07-02","","16.0"
"TUNAL","2015-07-01","","17.54545455"
"TUNAL","2015-06-30","","22.16666667"
"TUNAL","2015-06-29","","13.79166667"
"TUNAL","2015-06-28","","10.15789474"
"TUNAL","2015-06-27","","9.10526316"
"TUNAL","2015-06-26","","9.85714286"
"TUNAL","2015-06-25","","10.36363636"
"TUNAL","2015-06-24","","11.69565217"
"TUNAL","2015-06-23","","11.05555556"
"TUNAL","2015-06-22","","11.0"
"TUNAL","2015-06-21","","9.89473684"
"TUNAL","2015-06-20","","12.36363636"
"TUNAL","2015-06-19","","12.17391304"
"TUNAL","2015-06-18","","13.57894737"
"TUNAL","2015-06-17","","10.57142857"
"TUNAL","2015-06-16","","10.11764706"
"TUNAL","2015-06-15","","10.15789474"
"TUNAL","2015-06-14","","11.72222222"
"TUNAL","2015-06-13","","15.83333333"
"TUNAL","2015-06-12","","14.17647059"
"TUNAL","2015-06-11","","19.68181818"
"TUNAL","2015-06-10","","16.34782609"
"TUNAL","2015-06-09","","18.61904762"
"TUNAL","2015-06-08","","9.875"
"TUNAL","2015-06-07","","12.68181818"
"TUNAL","2015-06-06","","17.4"
"TUNAL","2015-06-05","","18.75"
"TUNAL","2015-06-04","","12.47368421"
"TUNAL","2015-06-03","","16.23809524"
"TUNAL","2015-06-02","","10.80952381"
"TUNAL","2015-06-01","","17.38095238"
"TUNAL","2015-05-31","","15.54545455"
"TUNAL","2015-05-30","","23.54166667"
"TUNAL","2015-05-29","","25.82608696"
"TUNAL","2015-05-28","","21.59090909"
"TUNAL","2015-05-27","","16.30434783"
"TUNAL","2015-05-26","","12.05"
"TUNAL","2015-05-25","","16.05"
"TUNAL","2015-05-24","","12.73684211"
"TUNAL","2015-05-23","","13.04545455"
"TUNAL","2015-05-22","","22.77272727"
"TUNAL","2015-05-21","","12.13636364"
"TUNAL","2015-05-20","","14.90909091"
"TUNAL","2015-05-19","","17.3"
"TUNAL","2015-05-18","","10.38888889"
"TUNAL","2015-05-17","","13.15789474"
"TUNAL","2015-05-16","","15.56521739"
"TUNAL","2015-05-15","","13.26086957"
"TUNAL","2015-05-14","","16.82608696"
"TUNAL","2015-05-13","","17.08695652"
"TUNAL","2015-05-12","","20.29166667"
"TUNAL","2015-05-11","","24.66666667"
"TUNAL","2015-05-10","","19.59090909"
"TUNAL","2015-05-09","","10.23809524"
"TUNAL","2015-05-08","","16.33333333"
"TUNAL","2015-05-07","","29.23529412"
"TUNAL","2015-05-06","","26.08333333"
"TUNAL","2015-05-05","","28.79166667"
"TUNAL","2015-05-04","","35.79166667"
"TUNAL","2015-05-03","","27.125"
"TUNAL","2015-05-02","","42.45833333"
"TUNAL","2015-05-01","","41.08333333"
"TUNAL","2015-04-30","","29.2173913"
"TUNAL","2015-04-29","","20.0"
"TUNAL","2015-04-28","","15.65217391"
"TUNAL","2015-04-27","","11.7"
"TUNAL","2015-04-26","","9.70588235"
"TUNAL","2015-04-25","","19.54545455"
"TUNAL","2015-04-24","","17.86363636"
"TUNAL","2015-04-23","","22.31818182"
"TUNAL","2015-04-22","","23.33333333"
"TUNAL","2015-04-21","","14.52380952"
"TUNAL","2015-04-20","","17.45454545"
"TUNAL","2015-04-19","","11.71428571"
"TUNAL","2015-04-18","","25.4"
"TUNAL","2015-04-17","","38.47619048"
"TUNAL","2015-04-16","","25.16666667"
"TUNAL","2015-04-15","","18.41666667"
"TUNAL","2015-04-14","","20.76190476"
"TUNAL","2015-04-13","","15.0"
"TUNAL","2015-04-12","","12.30434783"
"TUNAL","2015-04-11","","20.43478261"
"TUNAL","2015-04-10","","17.66666667"
"TUNAL","2015-04-09","","16.73913043"
"TUNAL","2015-04-08","","20.70833333"
"TUNAL","2015-04-07","","20.83333333"
"TUNAL","2015-04-06","","24.0"
"TUNAL","2015-04-05","","17.47826087"
"TUNAL","2015-04-04","","20.82608696"
"TUNAL","2015-04-03","","16.8"
"TUNAL","2015-04-02","","24.47826087"
"TUNAL","2015-04-01","","28.45454545"
"TUNAL","2015-03-31","","45.04166667"
"TUNAL","2015-03-30","","44.875"
"TUNAL","2015-03-29","","27.875"
"TUNAL","2015-03-28","","38.40909091"
"TUNAL","2015-03-27","","35.04166667"
"TUNAL","2015-03-26","","41.20833333"
"TUNAL","2015-03-25","","38.16666667"
"TUNAL","2015-03-24","","41.91304348"
"TUNAL","2015-03-23","","28.75"
"TUNAL","2015-03-22","","27.29166667"
"TUNAL","2015-03-21","","26.86363636"
"TUNAL","2015-03-20","","32.45833333"
"TUNAL","2015-03-19","","49.20833333"
"TUNAL","2015-03-18","","44.45454545"
"TUNAL","2015-03-17","","41.66666667"
"TUNAL","2015-03-16","","25.08333333"
"TUNAL","2015-03-15","","36.75"
"TUNAL","2015-03-14","","34.0"
"TUNAL","2015-03-13","","30.58333333"
"TUNAL","2015-03-12","","26.04166667"
"TUNAL","2015-03-11","","19.39130435"
"TUNAL","2015-03-10","","16.125"
"TUNAL","2015-03-09","","17.625"
"TUNAL","2015-03-08","","15.59090909"
"TUNAL","2015-03-07","","17.08333333"
"TUNAL","2015-03-06","","23.95833333"
"TUNAL","2015-03-05","","25.79166667"
"TUNAL","2015-03-04","","18.70833333"
"TUNAL","2015-03-03","","25.82608696"
"TUNAL","2015-03-02","","48.20833333"
"TUNAL","2015-03-01","","22.22727273"
"TUNAL","2015-02-28","","15.66666667"
"TUNAL","2015-02-27","","23.54166667"
"TUNAL","2015-02-26","","30.41666667"
"TUNAL","2015-02-25","","32.41666667"
"TUNAL","2015-02-24","","38.20833333"
"TUNAL","2015-02-23","","29.58333333"
"TUNAL","2015-02-22","","25.52173913"
"TUNAL","2015-02-21","","40.41666667"
"TUNAL","2015-02-20","","39.20833333"
"TUNAL","2015-02-19","","35.08333333"
"TUNAL","2015-02-18","","39.45833333"
"TUNAL","2015-02-17","","22.95652174"
"TUNAL","2015-02-16","","24.79166667"
"TUNAL","2015-02-15","","14.61904762"
"TUNAL","2015-02-14","","19.13043478"
"TUNAL","2015-02-13","","17.86363636"
"TUNAL","2015-02-12","","19.82608696"
"TUNAL","2015-02-11","","32.875"
"TUNAL","2015-02-10","","53.125"
"TUNAL","2015-02-09","","34.16666667"
"TUNAL","2015-02-08","","46.33333333"
"TUNAL","2015-02-07","","48.41666667"
"TUNAL","2015-02-06","","52.20833333"
"TUNAL","2015-02-05","","18.08333333"
"TUNAL","2015-02-04","","12.77272727"
"TUNAL","2015-02-03","","13.05"
"TUNAL","2015-02-02","","13.9047619"
"TUNAL","2015-02-01","","9.9047619"
"TUNAL","2015-01-31","","15.18181818"
"TUNAL","2015-01-30","","21.60869565"
"TUNAL","2015-01-29","","19.20833333"
"TUNAL","2015-01-28","","31.33333333"
"TUNAL","2015-01-27","","33.04545455"
"TUNAL","2015-01-26","","27.79166667"
"TUNAL","2015-01-25","","19.625"
"TUNAL","2015-01-24","","30.68181818"
"TUNAL","2015-01-23","","51.66666667"
"TUNAL","2015-01-22","","31.04347826"
"TUNAL","2015-01-21","","23.08695652"
"TUNAL","2015-01-20","","18.2173913"
"TUNAL","2015-01-19","","29.35"
"TUNAL","2015-01-18","","34.04166667"
"TUNAL","2015-01-17","","44.875"
"TUNAL","2015-01-16","","32.73684211"
"TUNAL","2015-01-15","","24.04166667"
"TUNAL","2015-01-14","","16.40909091"
"TUNAL","2015-01-13","","16.08695652"
"TUNAL","2015-01-12","","12.23809524"
"TUNAL","2015-01-11","","10.23809524"
"TUNAL","2015-01-10","","18.08695652"
"TUNAL","2015-01-09","","13.84210526"
"TUNAL","2015-01-08","","23.80952381"
"TUNAL","2015-01-07","","17.65"
"TUNAL","2015-01-06","","15.13043478"
"TUNAL","2015-01-05","","12.7"
"TUNAL","2015-01-04","","14.47368421"
"TUNAL","2015-01-03","","12.76190476"
"TUNAL","2015-01-02","","11.73913043"
"TUNAL","2015-01-01","","21.5"
